date,nltk,spacy,stanford-nlp,python,r,numpy,scipy,matlab,machine-learning,pandas,pytorch,keras,nlp,apache-spark,hadoop,pyspark,python-3.x,tensorflow,deep-learning,neural-network,lstm,time-series,pillow,rasa,opencv,pipenv,seaborn,Dask,jupyter,AllenNLP,Theano,plotly,scikit-learn,BeautifulSoup,scrapy,Gensim,FastText,Pydot,Pybrain,Pytil,Pygame,Colab,Shogun,KNIME,Apache,Gunicorn,Pygtk,Weka,Conda,Ray,matlab.1,accord.net,regression,classification,correlation,cluster-analysis,H2o,Mallet,Numba,Trifacta,PyArrow,Rasterio,Orange3,PyMC3,Opennn,Oryx,Istio,Venes,Plotnine,Gluon,Plato,Sympy,Flair,stanford-nlp.1,pyqt,Nolearn,Lasagne,OCR,Apache-spark-mlib,azure-virtual-machine
2009-01-01,0.0,0.0,0.0,631.0,8.0,6.0,2.0,19.0,8.0,0.0,0.0,0.0,8.0,0.0,1.0,0.0,4.0,0.0,0.0,4.0,0.0,1.0,0.0,0.0,3.0,0.0,0.0,0.0,0.0,0.0,0.0,0.0,0.0,5.0,0.0,0.0,0.0,0.0,0.0,0.0,0.0,0.0,0.0,0.0,95.0,0.0,3.0,0.0,0.0,0.0,19.0,0.0,1.0,2.0,0.0,1.0,0.0,0.0,0.0,0.0,0.0,0.0,0.0,0.0,0.0,0.0,0.0,0.0,0.0,0.0,0.0,1.0,0.0,0.0,5.0,0.0,0.0,5.0,0.0,0.0
2009-02-01,1.0,0.0,0.0,633.0,9.0,7.0,3.0,27.0,4.0,0.0,0.0,0.0,9.0,0.0,1.0,0.0,12.0,0.0,0.0,4.0,0.0,2.0,0.0,0.0,1.0,0.0,0.0,0.0,0.0,0.0,0.0,0.0,0.0,4.0,0.0,0.0,0.0,0.0,0.0,0.0,4.0,0.0,0.0,0.0,114.0,0.0,7.0,0.0,0.0,0.0,27.0,0.0,3.0,4.0,0.0,1.0,0.0,0.0,0.0,0.0,0.0,0.0,0.0,0.0,0.0,0.0,0.0,0.0,0.0,0.0,0.0,0.0,0.0,0.0,5.0,0.0,0.0,11.0,0.0,0.0
2009-03-01,0.0,0.0,0.0,766.0,4.0,4.0,2.0,24.0,3.0,0.0,0.0,0.0,12.0,0.0,1.0,0.0,4.0,0.0,0.0,11.0,0.0,1.0,0.0,0.0,7.0,0.0,0.0,0.0,0.0,0.0,0.0,0.0,0.0,8.0,0.0,0.0,0.0,0.0,0.0,0.0,7.0,0.0,0.0,0.0,104.0,0.0,6.0,0.0,0.0,0.0,24.0,0.0,0.0,0.0,0.0,4.0,0.0,0.0,0.0,0.0,0.0,0.0,0.0,0.0,0.0,0.0,0.0,0.0,0.0,0.0,0.0,0.0,0.0,0.0,7.0,0.0,0.0,2.0,0.0,0.0
2009-04-01,0.0,0.0,0.0,768.0,12.0,6.0,3.0,32.0,10.0,0.0,0.0,0.0,14.0,0.0,6.0,0.0,10.0,0.0,0.0,6.0,0.0,0.0,0.0,0.0,8.0,0.0,0.0,0.0,0.0,0.0,0.0,0.0,0.0,3.0,0.0,0.0,0.0,0.0,0.0,1.0,6.0,0.0,0.0,0.0,111.0,0.0,3.0,0.0,0.0,0.0,32.0,0.0,0.0,4.0,0.0,2.0,0.0,0.0,0.0,0.0,0.0,0.0,0.0,0.0,0.0,0.0,0.0,0.0,0.0,0.0,0.0,0.0,0.0,0.0,11.0,0.0,0.0,5.0,0.0,0.0
2009-05-01,1.0,0.0,0.0,1003.0,2.0,7.0,2.0,42.0,7.0,0.0,0.0,0.0,9.0,0.0,3.0,0.0,19.0,0.0,0.0,7.0,0.0,0.0,0.0,0.0,10.0,0.0,0.0,0.0,0.0,0.0,0.0,0.0,0.0,14.0,0.0,0.0,0.0,0.0,0.0,0.0,2.0,0.0,0.0,0.0,127.0,0.0,5.0,0.0,0.0,0.0,42.0,0.0,2.0,0.0,0.0,6.0,0.0,0.0,0.0,0.0,0.0,0.0,0.0,0.0,0.0,0.0,0.0,0.0,0.0,0.0,0.0,0.0,0.0,0.0,10.0,0.0,0.0,3.0,0.0,0.0
2009-06-01,0.0,0.0,0.0,1046.0,5.0,13.0,2.0,44.0,8.0,0.0,0.0,0.0,13.0,0.0,4.0,0.0,13.0,0.0,0.0,5.0,0.0,2.0,0.0,0.0,9.0,0.0,0.0,0.0,0.0,0.0,0.0,0.0,0.0,3.0,1.0,0.0,0.0,0.0,0.0,0.0,1.0,0.0,0.0,0.0,157.0,0.0,11.0,0.0,0.0,0.0,44.0,0.0,2.0,3.0,0.0,1.0,0.0,0.0,0.0,0.0,0.0,0.0,0.0,0.0,0.0,0.0,0.0,0.0,0.0,0.0,0.0,1.0,0.0,0.0,10.0,0.0,0.0,4.0,0.0,0.0
2009-07-01,1.0,0.0,1.0,1165.0,51.0,6.0,7.0,39.0,6.0,0.0,0.0,0.0,16.0,0.0,8.0,0.0,13.0,0.0,0.0,1.0,0.0,5.0,0.0,0.0,11.0,0.0,0.0,0.0,0.0,0.0,0.0,0.0,0.0,6.0,0.0,0.0,0.0,0.0,0.0,0.0,8.0,0.0,0.0,0.0,188.0,0.0,12.0,0.0,0.0,0.0,39.0,0.0,3.0,2.0,0.0,0.0,0.0,0.0,0.0,0.0,0.0,0.0,0.0,0.0,0.0,0.0,0.0,0.0,0.0,0.0,0.0,0.0,0.0,1.0,14.0,0.0,0.0,6.0,0.0,0.0
2009-08-01,2.0,0.0,0.0,1143.0,47.0,10.0,5.0,34.0,8.0,0.0,0.0,0.0,19.0,0.0,7.0,0.0,16.0,0.0,0.0,4.0,0.0,3.0,0.0,0.0,4.0,0.0,0.0,0.0,0.0,0.0,0.0,0.0,0.0,4.0,0.0,0.0,0.0,0.0,0.0,0.0,9.0,0.0,0.0,0.0,168.0,0.0,21.0,1.0,0.0,0.0,34.0,0.0,0.0,1.0,0.0,4.0,0.0,0.0,0.0,0.0,0.0,0.0,0.0,0.0,0.0,0.0,0.0,0.0,0.0,0.0,0.0,0.0,0.0,0.0,19.0,0.0,0.0,5.0,0.0,0.0
2009-09-01,0.0,0.0,0.0,1169.0,139.0,8.0,2.0,51.0,2.0,0.0,0.0,0.0,12.0,0.0,11.0,0.0,17.0,0.0,0.0,5.0,0.0,5.0,0.0,0.0,9.0,0.0,0.0,0.0,0.0,0.0,0.0,0.0,0.0,2.0,0.0,0.0,0.0,0.0,0.0,0.0,7.0,0.0,0.0,0.0,167.0,0.0,12.0,0.0,0.0,0.0,51.0,0.0,2.0,1.0,0.0,5.0,0.0,0.0,0.0,0.0,0.0,0.0,0.0,0.0,0.0,0.0,0.0,0.0,0.0,0.0,0.0,0.0,0.0,0.0,13.0,0.0,0.0,7.0,0.0,0.0
2009-10-01,2.0,0.0,0.0,1424.0,73.0,27.0,9.0,71.0,11.0,0.0,0.0,0.0,11.0,0.0,6.0,0.0,25.0,0.0,0.0,13.0,0.0,6.0,0.0,0.0,32.0,0.0,0.0,0.0,0.0,0.0,0.0,0.0,0.0,5.0,0.0,0.0,0.0,0.0,0.0,0.0,12.0,0.0,0.0,0.0,209.0,0.0,5.0,0.0,0.0,0.0,71.0,0.0,0.0,5.0,0.0,8.0,0.0,0.0,0.0,0.0,0.0,0.0,0.0,0.0,0.0,0.0,0.0,0.0,0.0,0.0,0.0,0.0,0.0,0.0,18.0,0.0,0.0,4.0,0.0,0.0
2009-11-01,7.0,0.0,2.0,1562.0,94.0,39.0,10.0,117.0,18.0,0.0,0.0,0.0,20.0,0.0,8.0,0.0,15.0,0.0,0.0,14.0,0.0,2.0,0.0,0.0,22.0,0.0,0.0,0.0,0.0,0.0,0.0,0.0,0.0,14.0,11.0,0.0,0.0,0.0,0.0,0.0,5.0,0.0,0.0,0.0,182.0,0.0,9.0,1.0,0.0,0.0,117.0,0.0,2.0,3.0,1.0,5.0,0.0,1.0,0.0,0.0,0.0,0.0,0.0,0.0,0.0,0.0,0.0,0.0,0.0,0.0,0.0,1.0,0.0,2.0,30.0,0.0,0.0,11.0,0.0,0.0
2009-12-01,2.0,0.0,4.0,1552.0,80.0,26.0,4.0,99.0,11.0,0.0,0.0,0.0,17.0,0.0,14.0,0.0,21.0,0.0,0.0,15.0,0.0,4.0,0.0,0.0,26.0,0.0,0.0,0.0,0.0,0.0,0.0,0.0,0.0,7.0,0.0,0.0,0.0,0.0,0.0,0.0,6.0,0.0,0.0,0.0,179.0,0.0,10.0,1.0,0.0,0.0,99.0,0.0,0.0,5.0,2.0,4.0,0.0,0.0,0.0,0.0,0.0,0.0,0.0,0.0,0.0,0.0,0.0,0.0,0.0,0.0,0.0,1.0,0.0,4.0,21.0,0.0,0.0,9.0,0.0,0.0
2010-01-01,5.0,0.0,3.0,1952.0,94.0,21.0,15.0,99.0,22.0,0.0,0.0,0.0,22.0,0.0,20.0,0.0,11.0,0.0,0.0,16.0,0.0,4.0,0.0,0.0,31.0,0.0,0.0,0.0,0.0,0.0,0.0,0.0,0.0,13.0,1.0,0.0,0.0,0.0,0.0,0.0,10.0,0.0,0.0,0.0,219.0,0.0,24.0,1.0,0.0,0.0,99.0,0.0,3.0,7.0,0.0,5.0,0.0,0.0,0.0,0.0,0.0,0.0,0.0,0.0,0.0,0.0,0.0,0.0,0.0,0.0,0.0,1.0,0.0,3.0,25.0,0.0,0.0,5.0,0.0,0.0
2010-02-01,4.0,0.0,0.0,1872.0,122.0,40.0,11.0,111.0,19.0,0.0,0.0,0.0,28.0,0.0,9.0,0.0,28.0,0.0,0.0,10.0,0.0,2.0,0.0,0.0,37.0,0.0,0.0,0.0,0.0,0.0,0.0,0.0,0.0,8.0,1.0,0.0,0.0,1.0,0.0,0.0,4.0,0.0,0.0,0.0,224.0,0.0,26.0,2.0,0.0,0.0,111.0,0.0,1.0,8.0,2.0,9.0,0.0,0.0,0.0,0.0,0.0,0.0,1.0,0.0,0.0,0.0,0.0,0.0,0.0,0.0,0.0,0.0,0.0,0.0,31.0,0.0,0.0,5.0,0.0,0.0
2010-03-01,3.0,0.0,1.0,2076.0,140.0,39.0,16.0,123.0,30.0,0.0,0.0,0.0,20.0,0.0,30.0,0.0,46.0,0.0,0.0,12.0,0.0,5.0,0.0,0.0,36.0,0.0,0.0,0.0,0.0,0.0,0.0,0.0,0.0,15.0,6.0,0.0,0.0,0.0,0.0,0.0,7.0,0.0,0.0,0.0,293.0,0.0,15.0,2.0,0.0,0.0,123.0,0.0,3.0,6.0,3.0,8.0,0.0,0.0,0.0,0.0,0.0,0.0,0.0,0.0,0.0,0.0,0.0,0.0,0.0,0.0,0.0,3.0,0.0,1.0,20.0,0.0,0.0,11.0,0.0,1.0
2010-04-01,3.0,0.0,3.0,1817.0,160.0,42.0,17.0,187.0,27.0,0.0,0.0,0.0,31.0,0.0,17.0,0.0,23.0,0.0,1.0,15.0,0.0,3.0,0.0,0.0,33.0,0.0,0.0,0.0,0.0,0.0,0.0,0.0,0.0,14.0,4.0,0.0,0.0,0.0,0.0,0.0,10.0,0.0,0.0,0.0,240.0,0.0,21.0,2.0,0.0,0.0,187.0,0.0,1.0,6.0,1.0,7.0,0.0,0.0,0.0,0.0,0.0,0.0,0.0,0.0,0.0,0.0,0.0,0.0,0.0,0.0,0.0,0.0,0.0,3.0,37.0,0.0,0.0,18.0,0.0,0.0
2010-05-01,7.0,0.0,0.0,2017.0,139.0,31.0,17.0,207.0,35.0,0.0,0.0,0.0,35.0,0.0,23.0,0.0,31.0,0.0,1.0,18.0,0.0,3.0,0.0,0.0,30.0,0.0,0.0,0.0,0.0,0.0,0.0,0.0,0.0,11.0,4.0,0.0,0.0,0.0,0.0,0.0,11.0,0.0,0.0,0.0,226.0,0.0,17.0,7.0,0.0,0.0,207.0,0.0,4.0,10.0,4.0,15.0,0.0,0.0,0.0,0.0,0.0,0.0,0.0,0.0,0.0,0.0,0.0,0.0,0.0,0.0,0.0,0.0,0.0,0.0,23.0,0.0,0.0,13.0,0.0,0.0
2010-06-01,4.0,0.0,1.0,2214.0,178.0,43.0,24.0,146.0,28.0,0.0,0.0,0.0,18.0,0.0,34.0,0.0,25.0,0.0,0.0,12.0,0.0,5.0,0.0,0.0,48.0,0.0,0.0,0.0,0.0,0.0,0.0,0.0,0.0,13.0,3.0,0.0,0.0,0.0,0.0,0.0,5.0,0.0,0.0,0.0,321.0,0.0,28.0,1.0,0.0,0.0,146.0,0.0,3.0,7.0,3.0,12.0,0.0,0.0,0.0,0.0,0.0,0.0,0.0,0.0,0.0,0.0,0.0,0.0,0.0,0.0,0.0,1.0,0.0,1.0,29.0,0.0,0.0,10.0,0.0,0.0
2010-07-01,3.0,0.0,4.0,2607.0,235.0,36.0,15.0,152.0,23.0,0.0,0.0,0.0,22.0,0.0,39.0,0.0,34.0,0.0,1.0,4.0,0.0,7.0,0.0,0.0,73.0,0.0,0.0,0.0,0.0,0.0,0.0,0.0,0.0,25.0,7.0,0.0,0.0,0.0,0.0,0.0,10.0,0.0,0.0,0.0,311.0,0.0,17.0,2.0,0.0,0.0,152.0,0.0,2.0,3.0,0.0,8.0,0.0,0.0,0.0,0.0,0.0,0.0,0.0,0.0,0.0,0.0,0.0,0.0,0.0,0.0,0.0,3.0,0.0,4.0,28.0,0.0,0.0,7.0,0.0,0.0
2010-08-01,11.0,0.0,0.0,2498.0,283.0,49.0,13.0,140.0,22.0,0.0,0.0,0.0,23.0,0.0,35.0,0.0,43.0,0.0,0.0,12.0,0.0,12.0,0.0,0.0,37.0,0.0,0.0,0.0,0.0,0.0,0.0,0.0,0.0,14.0,3.0,0.0,0.0,0.0,0.0,0.0,5.0,0.0,0.0,0.0,347.0,0.0,40.0,6.0,0.0,0.0,140.0,0.0,3.0,7.0,4.0,10.0,0.0,0.0,0.0,0.0,0.0,0.0,0.0,0.0,0.0,0.0,0.0,0.0,0.0,0.0,0.0,0.0,0.0,0.0,24.0,0.0,0.0,8.0,0.0,0.0
2010-09-01,7.0,0.0,7.0,2254.0,236.0,42.0,16.0,165.0,22.0,0.0,0.0,0.0,33.0,0.0,25.0,0.0,40.0,0.0,0.0,15.0,0.0,9.0,0.0,0.0,57.0,0.0,0.0,0.0,0.0,0.0,0.0,0.0,0.0,12.0,2.0,0.0,0.0,0.0,0.0,0.0,5.0,0.0,0.0,0.0,286.0,0.0,15.0,4.0,0.0,0.0,165.0,0.0,4.0,11.0,6.0,9.0,0.0,1.0,0.0,0.0,0.0,0.0,0.0,0.0,0.0,0.0,0.0,0.0,0.0,0.0,0.0,0.0,0.0,7.0,41.0,0.0,0.0,8.0,0.0,0.0
2010-10-01,4.0,0.0,2.0,2671.0,214.0,51.0,17.0,163.0,23.0,0.0,0.0,0.0,39.0,0.0,20.0,0.0,34.0,0.0,0.0,9.0,0.0,10.0,0.0,0.0,57.0,0.0,0.0,0.0,0.0,0.0,0.0,0.0,0.0,14.0,5.0,0.0,0.0,0.0,0.0,0.0,13.0,0.0,0.0,0.0,300.0,0.0,37.0,2.0,0.0,0.0,163.0,0.0,8.0,9.0,1.0,4.0,0.0,0.0,0.0,0.0,0.0,0.0,0.0,0.0,0.0,0.0,0.0,0.0,0.0,0.0,0.0,2.0,0.0,2.0,29.0,0.0,0.0,9.0,0.0,0.0
2010-11-01,6.0,0.0,2.0,2619.0,244.0,66.0,21.0,156.0,34.0,0.0,0.0,0.0,36.0,0.0,34.0,0.0,47.0,0.0,1.0,16.0,0.0,8.0,1.0,0.0,70.0,0.0,0.0,0.0,0.0,0.0,0.0,0.0,0.0,16.0,5.0,1.0,0.0,0.0,0.0,0.0,14.0,0.0,0.0,1.0,337.0,0.0,26.0,4.0,0.0,0.0,156.0,0.0,3.0,5.0,2.0,14.0,0.0,1.0,0.0,0.0,0.0,0.0,0.0,0.0,0.0,0.0,0.0,0.0,0.0,0.0,0.0,2.0,0.0,2.0,41.0,0.0,0.0,14.0,0.0,0.0
2010-12-01,5.0,0.0,2.0,2441.0,221.0,62.0,19.0,173.0,17.0,0.0,0.0,0.0,37.0,0.0,34.0,0.0,41.0,0.0,0.0,10.0,0.0,12.0,0.0,0.0,76.0,0.0,0.0,0.0,0.0,0.0,0.0,0.0,0.0,15.0,3.0,0.0,0.0,0.0,0.0,0.0,18.0,0.0,0.0,0.0,354.0,0.0,35.0,4.0,0.0,0.0,173.0,0.0,6.0,9.0,4.0,11.0,0.0,1.0,0.0,0.0,0.0,0.0,0.0,0.0,0.0,0.0,0.0,0.0,0.0,0.0,0.0,3.0,0.0,2.0,24.0,0.0,0.0,18.0,0.0,0.0
2011-01-01,5.0,0.0,6.0,2913.0,251.0,51.0,17.0,177.0,27.0,0.0,0.0,0.0,44.0,0.0,67.0,0.0,64.0,0.0,0.0,28.0,0.0,11.0,0.0,0.0,97.0,0.0,0.0,0.0,0.0,0.0,0.0,0.0,1.0,17.0,4.0,0.0,0.0,2.0,0.0,0.0,10.0,0.0,0.0,0.0,411.0,0.0,25.0,1.0,0.0,0.0,177.0,0.0,4.0,7.0,9.0,9.0,0.0,0.0,0.0,0.0,0.0,0.0,1.0,0.0,0.0,0.0,0.0,0.0,0.0,0.0,0.0,0.0,0.0,6.0,45.0,0.0,0.0,24.0,0.0,0.0
2011-02-01,22.0,0.0,3.0,3024.0,322.0,62.0,24.0,292.0,28.0,0.0,0.0,0.0,38.0,0.0,61.0,0.0,66.0,0.0,0.0,20.0,0.0,19.0,0.0,0.0,104.0,0.0,0.0,0.0,0.0,0.0,0.0,0.0,0.0,28.0,10.0,0.0,0.0,0.0,0.0,0.0,14.0,0.0,0.0,0.0,408.0,0.0,31.0,15.0,0.0,0.0,292.0,0.0,8.0,25.0,7.0,13.0,0.0,1.0,0.0,0.0,0.0,0.0,1.0,0.0,0.0,0.0,0.0,0.0,0.0,0.0,0.0,1.0,0.0,3.0,32.0,0.0,0.0,25.0,0.0,0.0
2011-03-01,15.0,0.0,8.0,3763.0,423.0,116.0,36.0,431.0,41.0,1.0,0.0,0.0,44.0,0.0,76.0,0.0,85.0,0.0,0.0,21.0,0.0,12.0,0.0,0.0,159.0,0.0,0.0,0.0,0.0,0.0,0.0,0.0,0.0,28.0,18.0,1.0,0.0,0.0,0.0,0.0,12.0,0.0,0.0,1.0,476.0,2.0,35.0,16.0,0.0,0.0,431.0,0.0,2.0,17.0,7.0,20.0,0.0,2.0,0.0,0.0,0.0,0.0,1.0,0.0,0.0,0.0,0.0,0.0,0.0,0.0,0.0,3.0,0.0,8.0,45.0,0.0,0.0,24.0,0.0,0.0
2011-04-01,21.0,0.0,3.0,3359.0,476.0,101.0,22.0,382.0,44.0,2.0,0.0,0.0,47.0,0.0,69.0,0.0,63.0,0.0,1.0,30.0,0.0,12.0,0.0,0.0,158.0,0.0,0.0,0.0,0.0,0.0,0.0,0.0,1.0,32.0,6.0,0.0,0.0,1.0,2.0,0.0,17.0,0.0,0.0,1.0,451.0,2.0,39.0,7.0,0.0,0.0,382.0,0.0,9.0,8.0,6.0,22.0,0.0,1.0,0.0,0.0,0.0,0.0,0.0,0.0,0.0,0.0,0.0,0.0,0.0,0.0,0.0,0.0,0.0,3.0,43.0,0.0,0.0,21.0,0.0,0.0
2011-05-01,6.0,0.0,6.0,3538.0,428.0,93.0,23.0,306.0,26.0,0.0,0.0,0.0,46.0,0.0,60.0,0.0,71.0,0.0,1.0,30.0,0.0,8.0,0.0,0.0,138.0,0.0,0.0,0.0,0.0,0.0,0.0,0.0,0.0,22.0,12.0,0.0,0.0,2.0,1.0,0.0,22.0,0.0,0.0,1.0,433.0,2.0,45.0,15.0,0.0,0.0,306.0,0.0,3.0,16.0,5.0,10.0,0.0,0.0,0.0,0.0,0.0,0.0,0.0,0.0,0.0,0.0,0.0,0.0,0.0,0.0,0.0,2.0,0.0,6.0,71.0,0.0,0.0,24.0,0.0,0.0
2011-06-01,12.0,0.0,4.0,3485.0,444.0,83.0,36.0,313.0,37.0,1.0,0.0,0.0,28.0,0.0,91.0,0.0,69.0,0.0,0.0,13.0,0.0,13.0,0.0,0.0,140.0,0.0,0.0,0.0,0.0,0.0,0.0,0.0,0.0,27.0,17.0,2.0,0.0,2.0,0.0,0.0,39.0,0.0,1.0,0.0,481.0,8.0,30.0,6.0,0.0,0.0,313.0,0.0,6.0,6.0,13.0,17.0,0.0,2.0,0.0,0.0,0.0,0.0,0.0,0.0,0.0,0.0,0.0,0.0,0.0,0.0,0.0,1.0,0.0,4.0,60.0,0.0,0.0,11.0,0.0,0.0
2011-07-01,22.0,0.0,8.0,3688.0,454.0,95.0,25.0,286.0,45.0,0.0,0.0,0.0,42.0,0.0,81.0,0.0,74.0,0.0,1.0,15.0,0.0,13.0,0.0,0.0,176.0,0.0,0.0,0.0,0.0,0.0,0.0,0.0,1.0,26.0,19.0,1.0,0.0,1.0,0.0,0.0,23.0,0.0,0.0,1.0,466.0,3.0,41.0,12.0,0.0,0.0,286.0,0.0,10.0,16.0,7.0,21.0,0.0,3.0,0.0,0.0,0.0,0.0,1.0,0.0,0.0,0.0,0.0,0.0,0.0,0.0,0.0,4.0,0.0,8.0,43.0,0.0,0.0,31.0,0.0,0.0
2011-08-01,8.0,0.0,1.0,3849.0,587.0,124.0,41.0,258.0,33.0,0.0,0.0,0.0,33.0,0.0,89.0,0.0,98.0,0.0,0.0,20.0,0.0,19.0,0.0,0.0,189.0,0.0,0.0,0.0,0.0,0.0,0.0,0.0,0.0,29.0,10.0,0.0,0.0,2.0,0.0,0.0,15.0,0.0,1.0,0.0,511.0,3.0,34.0,13.0,0.0,0.0,258.0,0.0,4.0,14.0,4.0,13.0,0.0,0.0,0.0,0.0,0.0,0.0,1.0,0.0,0.0,0.0,0.0,0.0,0.0,0.0,0.0,2.0,0.0,1.0,54.0,0.0,0.0,22.0,0.0,1.0
2011-09-01,13.0,0.0,3.0,3526.0,613.0,120.0,25.0,267.0,54.0,1.0,0.0,0.0,41.0,0.0,101.0,0.0,87.0,0.0,0.0,24.0,0.0,17.0,0.0,0.0,201.0,0.0,0.0,0.0,0.0,0.0,0.0,0.0,1.0,25.0,8.0,0.0,0.0,0.0,0.0,0.0,21.0,0.0,0.0,0.0,477.0,3.0,48.0,8.0,0.0,0.0,267.0,0.0,10.0,8.0,10.0,17.0,0.0,1.0,0.0,0.0,0.0,0.0,0.0,0.0,0.0,0.0,0.0,0.0,0.0,0.0,0.0,1.0,0.0,3.0,44.0,0.0,0.0,12.0,0.0,0.0
2011-10-01,14.0,0.0,7.0,3639.0,623.0,139.0,46.0,401.0,59.0,4.0,0.0,0.0,54.0,0.0,106.0,0.0,80.0,0.0,0.0,14.0,0.0,11.0,0.0,0.0,240.0,0.0,0.0,0.0,0.0,0.0,0.0,0.0,0.0,23.0,11.0,0.0,0.0,0.0,1.0,0.0,25.0,0.0,0.0,0.0,467.0,6.0,40.0,10.0,0.0,0.0,401.0,0.0,9.0,13.0,13.0,32.0,0.0,3.0,0.0,0.0,0.0,0.0,0.0,0.0,0.0,0.0,0.0,0.0,0.0,0.0,0.0,5.0,0.0,7.0,62.0,0.0,0.0,17.0,0.0,0.0
2011-11-01,18.0,0.0,4.0,3889.0,609.0,107.0,44.0,433.0,54.0,2.0,0.0,0.0,50.0,1.0,116.0,0.0,119.0,0.0,1.0,27.0,0.0,22.0,0.0,0.0,273.0,0.0,0.0,0.0,0.0,0.0,0.0,0.0,4.0,33.0,20.0,0.0,0.0,0.0,4.0,0.0,24.0,0.0,0.0,0.0,531.0,2.0,23.0,8.0,0.0,0.0,433.0,0.0,9.0,27.0,10.0,23.0,0.0,1.0,0.0,0.0,0.0,0.0,1.0,0.0,0.0,0.0,0.0,0.0,0.0,0.0,0.0,2.0,0.0,4.0,66.0,0.0,0.0,31.0,0.0,0.0
2011-12-01,16.0,0.0,0.0,3555.0,608.0,106.0,36.0,388.0,60.0,1.0,0.0,0.0,42.0,0.0,142.0,0.0,110.0,0.0,0.0,21.0,0.0,17.0,0.0,0.0,215.0,0.0,0.0,0.0,0.0,0.0,0.0,0.0,2.0,28.0,24.0,0.0,0.0,0.0,1.0,0.0,32.0,0.0,1.0,0.0,490.0,4.0,30.0,9.0,0.0,0.0,388.0,0.0,11.0,15.0,4.0,17.0,0.0,1.0,0.0,0.0,0.0,0.0,0.0,0.0,0.0,0.0,0.0,0.0,0.0,0.0,0.0,1.0,0.0,0.0,78.0,0.0,0.0,16.0,0.0,0.0
2012-01-01,11.0,0.0,3.0,4232.0,691.0,145.0,54.0,461.0,71.0,6.0,0.0,0.0,46.0,0.0,147.0,0.0,122.0,0.0,0.0,41.0,0.0,24.0,1.0,0.0,288.0,0.0,0.0,0.0,0.0,0.0,0.0,0.0,1.0,49.0,31.0,0.0,0.0,0.0,2.0,0.0,43.0,0.0,0.0,0.0,642.0,10.0,39.0,16.0,0.0,0.0,461.0,0.0,7.0,25.0,10.0,12.0,0.0,0.0,0.0,0.0,0.0,0.0,2.0,0.0,0.0,0.0,0.0,0.0,0.0,0.0,0.0,1.0,0.0,3.0,97.0,0.0,0.0,23.0,0.0,0.0
2012-02-01,19.0,0.0,5.0,4517.0,815.0,148.0,64.0,558.0,62.0,4.0,0.0,0.0,39.0,0.0,166.0,0.0,150.0,0.0,0.0,32.0,0.0,23.0,0.0,0.0,339.0,0.0,0.0,0.0,0.0,0.0,0.0,0.0,5.0,23.0,22.0,1.0,0.0,0.0,2.0,0.0,32.0,0.0,0.0,0.0,654.0,5.0,25.0,13.0,0.0,0.0,558.0,0.0,26.0,25.0,14.0,26.0,0.0,0.0,0.0,0.0,0.0,0.0,0.0,0.0,0.0,0.0,0.0,0.0,0.0,0.0,0.0,4.0,0.0,5.0,75.0,0.0,0.0,35.0,0.0,1.0
2012-03-01,18.0,0.0,9.0,5073.0,892.0,167.0,66.0,579.0,63.0,29.0,0.0,0.0,47.0,0.0,177.0,0.0,140.0,0.0,2.0,48.0,0.0,18.0,0.0,0.0,328.0,0.0,0.0,0.0,1.0,0.0,0.0,0.0,5.0,44.0,29.0,0.0,0.0,0.0,2.0,0.0,37.0,0.0,0.0,2.0,676.0,5.0,28.0,32.0,0.0,0.0,579.0,0.0,6.0,24.0,11.0,19.0,0.0,1.0,0.0,0.0,0.0,0.0,0.0,0.0,0.0,0.0,0.0,0.0,0.0,0.0,0.0,2.0,0.0,9.0,52.0,0.0,0.0,28.0,0.0,0.0
2012-04-01,24.0,0.0,7.0,4948.0,849.0,156.0,46.0,624.0,85.0,26.0,0.0,0.0,73.0,0.0,209.0,0.0,155.0,0.0,0.0,38.0,0.0,21.0,1.0,0.0,323.0,0.0,0.0,0.0,1.0,0.0,1.0,0.0,7.0,50.0,15.0,1.0,0.0,0.0,6.0,0.0,61.0,0.0,1.0,0.0,616.0,2.0,15.0,25.0,0.0,0.0,624.0,1.0,16.0,40.0,14.0,30.0,0.0,1.0,0.0,0.0,0.0,0.0,1.0,0.0,0.0,0.0,0.0,0.0,0.0,0.0,0.0,4.0,0.0,7.0,46.0,0.0,0.0,31.0,0.0,0.0
2012-05-01,25.0,0.0,11.0,5133.0,882.0,171.0,54.0,542.0,90.0,44.0,0.0,0.0,68.0,0.0,215.0,0.0,171.0,0.0,2.0,36.0,0.0,42.0,1.0,0.0,355.0,0.0,0.0,0.0,2.0,0.0,0.0,0.0,6.0,55.0,39.0,1.0,0.0,0.0,1.0,0.0,48.0,0.0,1.0,0.0,699.0,14.0,21.0,32.0,0.0,0.0,542.0,0.0,11.0,26.0,9.0,22.0,0.0,0.0,0.0,0.0,0.0,0.0,1.0,0.0,0.0,0.0,0.0,0.0,0.0,0.0,0.0,2.0,0.0,11.0,71.0,0.0,0.0,31.0,0.0,0.0
2012-06-01,20.0,0.0,16.0,5295.0,975.0,177.0,59.0,525.0,83.0,50.0,0.0,0.0,48.0,0.0,272.0,0.0,156.0,0.0,0.0,20.0,0.0,27.0,0.0,0.0,398.0,0.0,0.0,0.0,1.0,0.0,0.0,0.0,15.0,36.0,54.0,0.0,0.0,2.0,1.0,0.0,45.0,0.0,0.0,0.0,658.0,12.0,39.0,27.0,0.0,0.0,525.0,0.0,16.0,27.0,7.0,29.0,0.0,1.0,0.0,0.0,0.0,0.0,0.0,0.0,0.0,0.0,0.0,0.0,0.0,0.0,0.0,3.0,0.0,16.0,76.0,0.0,0.0,31.0,0.0,1.0
2012-07-01,18.0,0.0,10.0,5751.0,1125.0,205.0,71.0,561.0,90.0,66.0,0.0,0.0,62.0,0.0,296.0,0.0,159.0,0.0,0.0,35.0,0.0,39.0,0.0,0.0,482.0,0.0,0.0,0.0,0.0,0.0,0.0,0.0,9.0,67.0,61.0,1.0,0.0,0.0,5.0,0.0,42.0,0.0,0.0,1.0,702.0,11.0,38.0,26.0,0.0,0.0,561.0,1.0,23.0,31.0,10.0,40.0,0.0,0.0,0.0,0.0,0.0,0.0,0.0,0.0,0.0,0.0,0.0,0.0,0.0,0.0,0.0,4.0,0.0,10.0,78.0,0.0,0.0,42.0,0.0,7.0
2012-08-01,17.0,0.0,9.0,5882.0,1093.0,223.0,76.0,599.0,123.0,88.0,0.0,0.0,54.0,0.0,214.0,0.0,160.0,0.0,0.0,16.0,0.0,42.0,0.0,0.0,324.0,0.0,0.0,0.0,0.0,0.0,1.0,0.0,21.0,44.0,42.0,0.0,0.0,0.0,3.0,0.0,42.0,0.0,0.0,0.0,736.0,21.0,25.0,31.0,0.0,0.0,599.0,0.0,20.0,31.0,9.0,25.0,0.0,1.0,0.0,0.0,0.0,0.0,1.0,0.0,0.0,0.0,0.0,0.0,0.0,0.0,0.0,2.0,0.0,9.0,80.0,0.0,0.0,21.0,0.0,7.0
2012-09-01,21.0,0.0,5.0,5273.0,1061.0,231.0,76.0,553.0,81.0,93.0,0.0,0.0,49.0,0.0,241.0,0.0,195.0,0.0,0.0,30.0,0.0,31.0,0.0,0.0,322.0,0.0,0.0,0.0,1.0,0.0,0.0,0.0,22.0,39.0,32.0,0.0,0.0,0.0,2.0,0.0,24.0,0.0,0.0,0.0,723.0,12.0,17.0,20.0,0.0,0.0,553.0,0.0,17.0,20.0,11.0,32.0,0.0,2.0,0.0,0.0,0.0,0.0,0.0,0.0,0.0,0.0,0.0,0.0,0.0,0.0,0.0,3.0,0.0,5.0,61.0,0.0,0.0,21.0,0.0,8.0
2012-10-01,27.0,0.0,6.0,6154.0,1270.0,248.0,93.0,755.0,83.0,103.0,0.0,0.0,49.0,0.0,278.0,0.0,247.0,0.0,0.0,42.0,0.0,31.0,0.0,0.0,395.0,0.0,0.0,0.0,0.0,0.0,0.0,0.0,19.0,53.0,38.0,1.0,0.0,1.0,5.0,0.0,48.0,0.0,0.0,0.0,716.0,15.0,34.0,18.0,0.0,0.0,755.0,1.0,28.0,19.0,10.0,17.0,0.0,1.0,0.0,0.0,0.0,0.0,0.0,0.0,0.0,0.0,0.0,0.0,0.0,0.0,0.0,9.0,0.0,6.0,60.0,0.0,0.0,29.0,0.0,8.0
2012-11-01,24.0,0.0,12.0,6408.0,1348.0,281.0,107.0,848.0,110.0,120.0,0.0,0.0,50.0,0.0,265.0,0.0,306.0,0.0,1.0,36.0,0.0,40.0,0.0,0.0,410.0,0.0,0.0,0.0,0.0,0.0,0.0,0.0,21.0,81.0,50.0,0.0,0.0,1.0,1.0,0.0,53.0,0.0,1.0,0.0,699.0,15.0,31.0,27.0,0.0,0.0,848.0,0.0,26.0,40.0,10.0,30.0,0.0,0.0,0.0,0.0,0.0,0.0,0.0,0.0,0.0,0.0,0.0,0.0,0.0,0.0,0.0,7.0,0.0,12.0,80.0,0.0,0.0,29.0,0.0,5.0
2012-12-01,22.0,0.0,16.0,5636.0,1194.0,206.0,75.0,663.0,103.0,120.0,0.0,0.0,48.0,2.0,231.0,0.0,261.0,0.0,0.0,36.0,0.0,47.0,0.0,0.0,372.0,0.0,0.0,0.0,0.0,0.0,1.0,0.0,16.0,68.0,66.0,1.0,0.0,1.0,3.0,0.0,58.0,0.0,1.0,0.0,616.0,15.0,37.0,30.0,0.0,0.0,663.0,1.0,29.0,24.0,9.0,27.0,0.0,1.0,0.0,0.0,0.0,0.0,0.0,0.0,0.0,0.0,0.0,0.0,0.0,0.0,0.0,5.0,0.0,16.0,105.0,0.0,0.0,29.0,0.0,3.0
2013-01-01,36.0,0.0,13.0,6605.0,1515.0,255.0,104.0,728.0,113.0,156.0,0.0,0.0,43.0,1.0,335.0,0.0,268.0,0.0,0.0,36.0,0.0,47.0,1.0,0.0,470.0,0.0,0.0,0.0,0.0,0.0,2.0,0.0,2.0,95.0,57.0,1.0,0.0,0.0,4.0,0.0,77.0,0.0,0.0,0.0,717.0,18.0,23.0,29.0,0.0,0.0,728.0,0.0,23.0,31.0,17.0,27.0,0.0,1.0,1.0,0.0,0.0,0.0,0.0,0.0,0.0,0.0,0.0,0.0,0.0,0.0,0.0,8.0,0.0,13.0,77.0,0.0,0.0,25.0,0.0,5.0
2013-02-01,27.0,0.0,16.0,6793.0,1678.0,283.0,75.0,817.0,72.0,187.0,0.0,0.0,46.0,1.0,287.0,0.0,281.0,0.0,0.0,29.0,0.0,43.0,0.0,0.0,512.0,0.0,0.0,0.0,0.0,0.0,0.0,0.0,0.0,60.0,42.0,4.0,0.0,1.0,3.0,0.0,65.0,0.0,0.0,0.0,737.0,17.0,17.0,27.0,0.0,0.0,817.0,0.0,31.0,39.0,21.0,31.0,0.0,1.0,0.0,0.0,0.0,0.0,1.0,0.0,0.0,0.0,0.0,0.0,0.0,0.0,1.0,3.0,0.0,16.0,80.0,0.0,0.0,26.0,0.0,9.0
2013-03-01,44.0,0.0,18.0,7680.0,1858.0,329.0,101.0,1000.0,137.0,173.0,0.0,0.0,71.0,0.0,374.0,0.0,327.0,0.0,1.0,45.0,0.0,59.0,0.0,0.0,545.0,0.0,0.0,0.0,1.0,0.0,1.0,0.0,1.0,68.0,60.0,3.0,0.0,0.0,5.0,0.0,69.0,0.0,0.0,2.0,691.0,25.0,23.0,46.0,0.0,0.0,1000.0,2.0,39.0,51.0,20.0,29.0,0.0,1.0,0.0,0.0,0.0,0.0,1.0,0.0,0.0,0.0,0.0,0.0,0.0,0.0,0.0,11.0,0.0,18.0,93.0,0.0,0.0,37.0,0.0,12.0
2013-04-01,33.0,0.0,17.0,7975.0,1849.0,386.0,121.0,1060.0,115.0,190.0,0.0,0.0,65.0,3.0,419.0,0.0,438.0,0.0,0.0,42.0,0.0,68.0,1.0,0.0,556.0,0.0,0.0,0.0,0.0,0.0,1.0,0.0,1.0,95.0,62.0,4.0,0.0,1.0,3.0,0.0,92.0,0.0,0.0,0.0,789.0,25.0,21.0,47.0,0.0,0.0,1060.0,2.0,28.0,43.0,28.0,33.0,0.0,1.0,0.0,0.0,0.0,0.0,1.0,0.0,0.0,0.0,0.0,0.0,0.0,0.0,0.0,17.0,0.0,17.0,105.0,0.0,0.0,31.0,0.0,16.0
2013-05-01,41.0,0.0,7.0,7862.0,1795.0,364.0,96.0,1025.0,116.0,226.0,0.0,0.0,57.0,5.0,382.0,0.0,444.0,0.0,1.0,51.0,1.0,56.0,1.0,0.0,562.0,0.0,0.0,0.0,0.0,0.0,9.0,0.0,9.0,82.0,66.0,3.0,0.0,2.0,4.0,0.0,82.0,2.0,0.0,0.0,774.0,20.0,17.0,37.0,2.0,0.0,1025.0,0.0,42.0,44.0,21.0,28.0,0.0,1.0,0.0,0.0,0.0,0.0,2.0,0.0,0.0,0.0,0.0,0.0,0.0,0.0,0.0,14.0,0.0,7.0,92.0,0.0,0.0,32.0,0.0,10.0
2013-06-01,29.0,0.0,11.0,7640.0,1785.0,296.0,95.0,906.0,114.0,246.0,0.0,0.0,55.0,12.0,408.0,0.0,442.0,0.0,0.0,33.0,0.0,46.0,0.0,0.0,489.0,0.0,0.0,0.0,0.0,0.0,4.0,0.0,4.0,87.0,68.0,2.0,0.0,1.0,6.0,0.0,104.0,0.0,1.0,0.0,708.0,12.0,18.0,26.0,0.0,0.0,906.0,0.0,24.0,42.0,13.0,33.0,0.0,0.0,3.0,0.0,0.0,0.0,2.0,0.0,0.0,0.0,0.0,0.0,0.0,0.0,0.0,18.0,0.0,11.0,73.0,0.0,0.0,23.0,0.0,17.0
2013-07-01,42.0,0.0,15.0,8656.0,1980.0,414.0,131.0,997.0,129.0,289.0,0.0,0.0,58.0,6.0,432.0,0.0,497.0,0.0,0.0,31.0,1.0,56.0,0.0,0.0,552.0,0.0,0.0,0.0,0.0,0.0,4.0,1.0,4.0,95.0,109.0,2.0,0.0,2.0,4.0,0.0,102.0,0.0,0.0,0.0,820.0,13.0,10.0,25.0,0.0,0.0,997.0,0.0,48.0,42.0,12.0,47.0,0.0,3.0,3.0,0.0,0.0,0.0,1.0,0.0,0.0,0.0,0.0,0.0,0.0,0.0,0.0,11.0,0.0,15.0,103.0,0.0,0.0,28.0,0.0,12.0
2013-08-01,33.0,0.0,17.0,7974.0,1930.0,336.0,113.0,915.0,115.0,283.0,0.0,0.0,54.0,6.0,408.0,0.0,473.0,0.0,0.0,39.0,0.0,44.0,0.0,0.0,447.0,0.0,0.0,0.0,0.0,0.0,3.0,0.0,3.0,90.0,83.0,1.0,0.0,1.0,5.0,0.0,78.0,0.0,0.0,0.0,844.0,15.0,26.0,31.0,0.0,0.0,915.0,1.0,51.0,40.0,13.0,34.0,0.0,1.0,2.0,0.0,0.0,0.0,0.0,0.0,0.0,0.0,0.0,0.0,0.0,0.0,1.0,11.0,0.0,17.0,97.0,0.0,0.0,34.0,0.0,9.0
2013-09-01,33.0,0.0,18.0,7999.0,1723.0,394.0,111.0,899.0,116.0,241.0,0.0,0.0,64.0,4.0,455.0,0.0,458.0,0.0,0.0,41.0,0.0,42.0,0.0,0.0,449.0,0.0,0.0,0.0,2.0,0.0,0.0,0.0,0.0,115.0,75.0,3.0,0.0,0.0,2.0,0.0,93.0,4.0,0.0,1.0,952.0,20.0,12.0,21.0,4.0,0.0,899.0,0.0,30.0,35.0,22.0,36.0,0.0,2.0,0.0,0.0,0.0,0.0,1.0,0.0,0.0,0.0,0.0,0.0,0.0,0.0,0.0,7.0,0.0,18.0,94.0,0.0,0.0,33.0,0.0,11.0
2013-10-01,38.0,0.0,15.0,9539.0,2108.0,453.0,139.0,1117.0,138.0,358.0,0.0,0.0,46.0,12.0,488.0,0.0,528.0,0.0,1.0,42.0,0.0,48.0,0.0,0.0,554.0,0.0,0.0,0.0,0.0,0.0,2.0,1.0,2.0,94.0,88.0,5.0,0.0,1.0,3.0,0.0,127.0,3.0,0.0,0.0,1103.0,20.0,30.0,41.0,3.0,0.0,1117.0,0.0,26.0,35.0,20.0,22.0,0.0,4.0,12.0,0.0,0.0,0.0,0.0,0.0,0.0,0.0,0.0,0.0,0.0,0.0,0.0,17.0,0.0,15.0,84.0,0.0,0.0,24.0,0.0,9.0
2013-11-01,28.0,0.0,11.0,9546.0,2194.0,487.0,134.0,1211.0,151.0,355.0,0.0,0.0,56.0,10.0,480.0,0.0,595.0,0.0,0.0,46.0,0.0,62.0,0.0,0.0,611.0,0.0,0.0,0.0,0.0,0.0,6.0,0.0,6.0,114.0,59.0,0.0,0.0,0.0,4.0,0.0,174.0,4.0,1.0,1.0,1116.0,19.0,23.0,46.0,4.0,0.0,1211.0,3.0,33.0,35.0,24.0,35.0,0.0,1.0,2.0,0.0,0.0,0.0,0.0,0.0,0.0,0.0,0.0,0.0,0.0,0.0,0.0,17.0,0.0,11.0,82.0,0.0,0.0,40.0,0.0,14.0
2013-12-01,35.0,0.0,19.0,8306.0,1869.0,395.0,123.0,1037.0,194.0,324.0,0.0,1.0,53.0,11.0,437.0,0.0,499.0,1.0,0.0,63.0,0.0,37.0,0.0,0.0,510.0,0.0,2.0,0.0,0.0,0.0,3.0,1.0,3.0,84.0,87.0,2.0,0.0,4.0,2.0,0.0,145.0,3.0,0.0,0.0,1010.0,16.0,20.0,45.0,3.0,0.0,1037.0,1.0,26.0,47.0,24.0,37.0,0.0,0.0,4.0,0.0,0.0,0.0,0.0,0.0,0.0,0.0,0.0,0.0,0.0,0.0,0.0,11.0,0.0,19.0,90.0,0.0,0.0,14.0,0.0,9.0
2014-01-01,41.0,0.0,20.0,9892.0,2366.0,485.0,115.0,1122.0,159.0,451.0,0.0,0.0,65.0,23.0,441.0,0.0,447.0,0.0,1.0,49.0,0.0,73.0,15.0,0.0,569.0,0.0,0.0,0.0,3.0,0.0,4.0,0.0,99.0,113.0,127.0,6.0,0.0,1.0,4.0,0.0,169.0,5.0,0.0,0.0,1237.0,21.0,20.0,48.0,5.0,0.0,1122.0,1.0,30.0,43.0,15.0,53.0,0.0,3.0,13.0,0.0,0.0,0.0,1.0,0.0,0.0,0.0,0.0,0.0,0.0,0.0,0.0,25.0,0.0,20.0,132.0,0.0,0.0,36.0,0.0,4.0
2014-02-01,40.0,0.0,22.0,9951.0,2624.0,556.0,159.0,1244.0,160.0,407.0,0.0,0.0,62.0,21.0,517.0,0.0,580.0,0.0,3.0,67.0,0.0,61.0,19.0,0.0,700.0,0.0,3.0,0.0,1.0,0.0,5.0,1.0,73.0,126.0,128.0,3.0,0.0,2.0,3.0,1.0,134.0,4.0,1.0,3.0,1111.0,23.0,21.0,37.0,4.0,0.0,1244.0,3.0,39.0,47.0,23.0,44.0,0.0,2.0,4.0,0.0,0.0,0.0,0.0,2.0,0.0,0.0,0.0,0.0,0.0,0.0,0.0,27.0,0.0,22.0,116.0,0.0,0.0,38.0,0.0,7.0
2014-03-01,43.0,0.0,29.0,11483.0,2830.0,566.0,157.0,1433.0,168.0,528.0,0.0,0.0,73.0,37.0,545.0,0.0,719.0,0.0,5.0,89.0,1.0,92.0,18.0,0.0,807.0,0.0,3.0,0.0,0.0,0.0,7.0,0.0,99.0,132.0,129.0,10.0,0.0,0.0,8.0,0.0,124.0,7.0,0.0,2.0,1122.0,30.0,22.0,48.0,7.0,0.0,1433.0,1.0,59.0,60.0,25.0,56.0,0.0,4.0,3.0,0.0,0.0,0.0,1.0,1.0,0.0,0.0,0.0,0.0,0.0,0.0,1.0,30.0,0.0,29.0,126.0,0.0,0.0,46.0,0.0,6.0
2014-04-01,57.0,0.0,27.0,10839.0,2748.0,507.0,130.0,1421.0,169.0,494.0,0.0,0.0,98.0,54.0,584.0,1.0,678.0,0.0,4.0,68.0,0.0,65.0,16.0,0.0,662.0,0.0,9.0,0.0,0.0,0.0,5.0,1.0,111.0,125.0,129.0,4.0,0.0,1.0,8.0,0.0,156.0,4.0,1.0,0.0,1114.0,20.0,24.0,52.0,4.0,0.0,1421.0,2.0,60.0,56.0,19.0,53.0,0.0,2.0,3.0,0.0,0.0,0.0,1.0,1.0,0.0,0.0,0.0,0.0,0.0,0.0,0.0,22.0,0.0,27.0,165.0,0.0,0.0,27.0,0.0,11.0
2014-05-01,45.0,0.0,18.0,9330.0,2603.0,509.0,145.0,1264.0,137.0,463.0,0.0,0.0,81.0,86.0,516.0,0.0,491.0,0.0,5.0,68.0,0.0,67.0,15.0,0.0,535.0,0.0,6.0,0.0,0.0,0.0,8.0,2.0,83.0,111.0,116.0,6.0,0.0,1.0,4.0,0.0,126.0,5.0,0.0,3.0,1022.0,21.0,18.0,35.0,5.0,0.0,1264.0,1.0,44.0,47.0,21.0,55.0,0.0,2.0,7.0,0.0,0.0,0.0,0.0,3.0,0.0,0.0,0.0,0.0,0.0,0.0,1.0,14.0,0.0,18.0,107.0,0.0,0.0,30.0,3.0,8.0
2014-06-01,42.0,0.0,31.0,8967.0,2407.0,437.0,124.0,1036.0,131.0,463.0,0.0,0.0,86.0,118.0,539.0,0.0,473.0,0.0,1.0,53.0,2.0,84.0,12.0,0.0,461.0,0.0,2.0,0.0,2.0,0.0,17.0,2.0,90.0,70.0,83.0,5.0,0.0,1.0,8.0,0.0,92.0,5.0,0.0,4.0,980.0,26.0,22.0,29.0,5.0,0.0,1036.0,0.0,49.0,31.0,10.0,39.0,0.0,3.0,3.0,0.0,0.0,0.0,1.0,2.0,0.0,0.0,0.0,0.0,0.0,0.0,0.0,19.0,0.0,31.0,117.0,0.0,0.0,26.0,2.0,8.0
2014-07-01,28.0,0.0,15.0,9999.0,2654.0,485.0,149.0,1114.0,133.0,485.0,0.0,0.0,59.0,152.0,530.0,0.0,521.0,0.0,11.0,49.0,1.0,74.0,18.0,0.0,539.0,0.0,4.0,0.0,0.0,0.0,21.0,4.0,102.0,121.0,131.0,3.0,0.0,1.0,8.0,0.0,118.0,7.0,0.0,2.0,1025.0,25.0,19.0,26.0,7.0,0.0,1114.0,1.0,32.0,41.0,15.0,33.0,2.0,4.0,2.0,0.0,0.0,0.0,0.0,3.0,0.0,0.0,0.0,0.0,0.0,0.0,1.0,22.0,0.0,15.0,105.0,0.0,0.0,17.0,10.0,6.0
2014-08-01,46.0,0.0,8.0,9170.0,2490.0,470.0,153.0,928.0,101.0,481.0,0.0,0.0,65.0,139.0,481.0,1.0,493.0,0.0,5.0,45.0,1.0,55.0,13.0,0.0,397.0,0.0,10.0,0.0,0.0,0.0,18.0,4.0,91.0,110.0,111.0,1.0,0.0,1.0,3.0,0.0,63.0,5.0,0.0,1.0,993.0,25.0,13.0,17.0,5.0,0.0,928.0,1.0,29.0,33.0,23.0,32.0,0.0,2.0,3.0,0.0,0.0,0.0,0.0,3.0,0.0,1.0,0.0,0.0,0.0,1.0,0.0,14.0,0.0,8.0,105.0,0.0,0.0,23.0,3.0,8.0
2014-09-01,46.0,0.0,18.0,8829.0,2385.0,426.0,103.0,1077.0,128.0,490.0,0.0,0.0,78.0,144.0,517.0,0.0,532.0,0.0,7.0,42.0,0.0,52.0,13.0,0.0,434.0,0.0,12.0,0.0,0.0,0.0,12.0,1.0,67.0,108.0,74.0,6.0,0.0,0.0,9.0,0.0,60.0,7.0,0.0,2.0,1048.0,20.0,18.0,33.0,7.0,0.0,1077.0,1.0,27.0,49.0,5.0,33.0,0.0,1.0,12.0,0.0,0.0,0.0,0.0,4.0,0.0,0.0,0.0,0.0,0.0,0.0,1.0,27.0,0.0,18.0,93.0,0.0,0.0,44.0,4.0,6.0
2014-10-01,48.0,0.0,24.0,9651.0,2796.0,524.0,124.0,1238.0,172.0,488.0,0.0,0.0,72.0,215.0,514.0,3.0,650.0,0.0,7.0,49.0,3.0,59.0,18.0,0.0,435.0,0.0,11.0,0.0,1.0,0.0,15.0,4.0,89.0,111.0,90.0,4.0,0.0,2.0,12.0,0.0,78.0,7.0,0.0,1.0,1009.0,21.0,15.0,31.0,7.0,0.0,1238.0,0.0,34.0,50.0,25.0,45.0,1.0,6.0,7.0,0.0,0.0,0.0,3.0,3.0,0.0,4.0,0.0,0.0,0.0,0.0,1.0,23.0,0.0,24.0,104.0,0.0,0.0,28.0,12.0,9.0
2014-11-01,68.0,0.0,25.0,9652.0,2727.0,461.0,97.0,1245.0,131.0,515.0,0.0,0.0,93.0,234.0,557.0,5.0,716.0,0.0,4.0,48.0,1.0,76.0,15.0,0.0,423.0,0.0,10.0,0.0,0.0,0.0,16.0,7.0,86.0,106.0,105.0,9.0,0.0,0.0,5.0,0.0,81.0,4.0,0.0,0.0,937.0,29.0,13.0,70.0,4.0,0.0,1245.0,1.0,67.0,58.0,28.0,51.0,1.0,9.0,8.0,0.0,0.0,0.0,7.0,1.0,0.0,0.0,0.0,0.0,0.0,0.0,1.0,25.0,0.0,25.0,81.0,0.0,0.0,27.0,11.0,11.0
2014-12-01,54.0,0.0,29.0,8886.0,2315.0,419.0,118.0,996.0,147.0,409.0,0.0,0.0,83.0,206.0,475.0,1.0,636.0,0.0,9.0,56.0,1.0,58.0,17.0,0.0,458.0,0.0,17.0,0.0,0.0,0.0,16.0,2.0,98.0,120.0,147.0,11.0,0.0,2.0,5.0,0.0,101.0,4.0,0.0,1.0,897.0,13.0,9.0,39.0,4.0,0.0,996.0,2.0,46.0,56.0,22.0,31.0,1.0,2.0,11.0,0.0,0.0,0.0,5.0,5.0,0.0,0.0,0.0,0.0,0.0,0.0,0.0,24.0,0.0,29.0,95.0,0.0,0.0,28.0,17.0,7.0
2015-01-01,45.0,0.0,38.0,9757.0,2717.0,495.0,121.0,1019.0,184.0,485.0,0.0,0.0,78.0,258.0,528.0,11.0,698.0,0.0,14.0,62.0,0.0,73.0,13.0,0.0,472.0,0.0,15.0,0.0,1.0,0.0,20.0,4.0,109.0,110.0,145.0,5.0,0.0,1.0,11.0,0.0,118.0,4.0,0.0,0.0,969.0,26.0,12.0,34.0,4.0,0.0,1019.0,2.0,26.0,46.0,29.0,29.0,3.0,5.0,3.0,0.0,0.0,0.0,9.0,0.0,0.0,1.0,0.0,0.0,0.0,0.0,0.0,26.0,0.0,38.0,124.0,0.0,0.0,47.0,10.0,6.0
2015-02-01,57.0,1.0,50.0,10264.0,2984.0,553.0,130.0,1196.0,158.0,537.0,0.0,0.0,80.0,299.0,597.0,20.0,792.0,0.0,8.0,54.0,0.0,94.0,15.0,0.0,560.0,0.0,5.0,0.0,0.0,0.0,14.0,4.0,100.0,116.0,105.0,3.0,0.0,3.0,5.0,0.0,95.0,10.0,1.0,1.0,941.0,25.0,11.0,35.0,10.0,0.0,1196.0,1.0,50.0,37.0,21.0,29.0,7.0,2.0,6.0,0.0,0.0,0.0,3.0,3.0,0.0,0.0,0.0,0.0,0.0,0.0,1.0,17.0,0.0,50.0,122.0,0.0,0.0,31.0,12.0,12.0
2015-03-01,82.0,0.0,53.0,11685.0,3581.0,648.0,149.0,1393.0,185.0,675.0,0.0,0.0,104.0,440.0,600.0,29.0,917.0,0.0,19.0,81.0,3.0,85.0,26.0,0.0,620.0,0.0,23.0,0.0,15.0,0.0,17.0,7.0,122.0,123.0,117.0,6.0,0.0,5.0,8.0,0.0,107.0,8.0,0.0,2.0,975.0,31.0,17.0,44.0,8.0,0.0,1393.0,1.0,48.0,60.0,32.0,47.0,3.0,3.0,11.0,0.0,0.0,0.0,3.0,0.0,0.0,0.0,0.0,0.0,0.0,0.0,0.0,28.0,0.0,53.0,106.0,0.0,0.0,42.0,22.0,16.0
2015-04-01,57.0,0.0,77.0,11522.0,3341.0,598.0,150.0,1535.0,239.0,707.0,0.0,0.0,117.0,526.0,654.0,55.0,929.0,0.0,27.0,101.0,1.0,104.0,20.0,0.0,588.0,0.0,21.0,0.0,14.0,0.0,21.0,11.0,149.0,129.0,139.0,8.0,0.0,0.0,4.0,0.0,151.0,12.0,1.0,4.0,1002.0,27.0,22.0,57.0,12.0,0.0,1535.0,7.0,45.0,70.0,25.0,65.0,2.0,0.0,7.0,0.0,0.0,0.0,7.0,1.0,0.0,0.0,0.0,0.0,0.0,0.0,0.0,33.0,0.0,77.0,106.0,0.0,0.0,44.0,23.0,18.0
2015-05-01,56.0,0.0,62.0,11286.0,3440.0,625.0,156.0,1405.0,257.0,672.0,0.0,4.0,103.0,465.0,638.0,50.0,804.0,0.0,28.0,97.0,2.0,83.0,22.0,0.0,585.0,0.0,18.0,0.0,13.0,0.0,40.0,9.0,162.0,116.0,139.0,7.0,0.0,0.0,3.0,0.0,108.0,6.0,0.0,4.0,1097.0,24.0,16.0,44.0,6.0,0.0,1405.0,5.0,42.0,61.0,21.0,53.0,4.0,0.0,10.0,0.0,0.0,0.0,9.0,8.0,0.0,0.0,0.0,0.0,0.0,0.0,0.0,35.0,0.0,62.0,105.0,0.0,0.0,34.0,19.0,13.0
2015-06-01,61.0,0.0,46.0,11887.0,3448.0,603.0,172.0,1227.0,203.0,772.0,0.0,1.0,96.0,653.0,647.0,91.0,789.0,0.0,34.0,86.0,1.0,73.0,18.0,0.0,548.0,0.0,26.0,1.0,16.0,0.0,42.0,8.0,147.0,172.0,141.0,15.0,0.0,3.0,7.0,0.0,101.0,5.0,0.0,1.0,1033.0,23.0,19.0,48.0,5.0,0.0,1227.0,3.0,58.0,50.0,18.0,44.0,4.0,2.0,4.0,0.0,0.0,0.0,4.0,4.0,0.0,0.0,0.0,0.0,0.0,0.0,0.0,29.0,0.0,46.0,113.0,1.0,1.0,39.0,25.0,18.0
2015-07-01,52.0,0.0,65.0,12392.0,3999.0,651.0,173.0,1132.0,231.0,862.0,0.0,3.0,97.0,752.0,693.0,128.0,921.0,0.0,39.0,99.0,3.0,76.0,25.0,0.0,635.0,0.0,49.0,3.0,19.0,0.0,38.0,20.0,161.0,160.0,196.0,16.0,0.0,2.0,10.0,1.0,111.0,10.0,0.0,1.0,1056.0,28.0,8.0,38.0,10.0,0.0,1132.0,0.0,48.0,56.0,19.0,45.0,7.0,4.0,7.0,0.0,0.0,0.0,10.0,10.0,0.0,0.0,0.0,0.0,0.0,0.0,2.0,24.0,0.0,65.0,99.0,2.0,3.0,37.0,44.0,14.0
2015-08-01,59.0,0.0,42.0,11296.0,3509.0,559.0,144.0,1027.0,215.0,756.0,0.0,7.0,100.0,636.0,621.0,103.0,848.0,0.0,43.0,96.0,4.0,86.0,17.0,0.0,495.0,0.0,25.0,4.0,54.0,0.0,67.0,20.0,156.0,103.0,152.0,14.0,0.0,2.0,5.0,0.0,104.0,8.0,0.0,0.0,896.0,18.0,13.0,25.0,8.0,0.0,1027.0,3.0,53.0,48.0,28.0,40.0,6.0,2.0,16.0,0.0,0.0,0.0,5.0,8.0,0.0,0.0,0.0,0.0,0.0,0.0,1.0,22.0,0.0,42.0,96.0,6.0,10.0,34.0,45.0,17.0
2015-09-01,60.0,0.0,50.0,11040.0,3349.0,533.0,149.0,942.0,182.0,805.0,0.0,3.0,95.0,659.0,605.0,97.0,851.0,0.0,35.0,73.0,1.0,48.0,19.0,0.0,469.0,0.0,17.0,3.0,41.0,0.0,48.0,18.0,124.0,136.0,111.0,7.0,0.0,2.0,5.0,0.0,66.0,9.0,0.0,0.0,887.0,29.0,5.0,25.0,9.0,0.0,942.0,1.0,35.0,53.0,18.0,37.0,10.0,1.0,2.0,0.0,0.0,0.0,6.0,5.0,0.0,0.0,0.0,0.0,0.0,0.0,0.0,25.0,0.0,50.0,90.0,4.0,8.0,29.0,30.0,24.0
2015-10-01,66.0,1.0,58.0,12578.0,3704.0,602.0,150.0,1062.0,238.0,946.0,0.0,3.0,104.0,641.0,615.0,125.0,1086.0,0.0,48.0,105.0,6.0,70.0,23.0,0.0,559.0,0.0,41.0,4.0,46.0,0.0,46.0,16.0,148.0,140.0,144.0,4.0,0.0,0.0,7.0,0.0,109.0,20.0,0.0,2.0,936.0,31.0,10.0,33.0,20.0,0.0,1062.0,1.0,55.0,46.0,22.0,29.0,16.0,3.0,5.0,0.0,0.0,1.0,7.0,2.0,0.0,0.0,0.0,0.0,0.0,0.0,0.0,41.0,0.0,58.0,82.0,0.0,4.0,28.0,43.0,17.0
2015-11-01,51.0,0.0,46.0,12384.0,3556.0,669.0,170.0,1126.0,252.0,900.0,0.0,10.0,75.0,684.0,584.0,126.0,1172.0,199.0,59.0,130.0,8.0,90.0,20.0,0.0,536.0,0.0,44.0,3.0,53.0,0.0,72.0,22.0,180.0,153.0,144.0,11.0,0.0,1.0,6.0,0.0,105.0,27.0,0.0,1.0,890.0,19.0,8.0,47.0,27.0,0.0,1126.0,1.0,56.0,71.0,22.0,53.0,11.0,5.0,9.0,0.0,0.0,0.0,4.0,7.0,0.0,0.0,0.0,0.0,0.0,2.0,0.0,34.0,0.0,46.0,102.0,4.0,13.0,34.0,39.0,14.0
2015-12-01,60.0,1.0,56.0,11446.0,3129.0,565.0,133.0,864.0,278.0,876.0,0.0,12.0,84.0,727.0,578.0,154.0,1110.0,181.0,62.0,137.0,11.0,73.0,12.0,0.0,543.0,0.0,37.0,11.0,50.0,0.0,65.0,52.0,168.0,156.0,107.0,11.0,0.0,4.0,7.0,0.0,129.0,31.0,0.0,2.0,887.0,25.0,11.0,33.0,31.0,0.0,864.0,4.0,56.0,62.0,19.0,33.0,13.0,1.0,6.0,0.0,0.0,0.0,8.0,7.0,0.0,0.0,0.0,0.0,0.0,5.0,0.0,26.0,0.0,56.0,109.0,3.0,2.0,39.0,43.0,24.0
2016-01-01,76.0,3.0,52.0,12439.0,3561.0,686.0,145.0,937.0,343.0,913.0,0.0,27.0,88.0,737.0,567.0,110.0,1249.0,170.0,83.0,164.0,10.0,91.0,21.0,0.0,524.0,0.0,35.0,2.0,60.0,0.0,75.0,46.0,182.0,152.0,149.0,10.0,0.0,2.0,2.0,0.0,158.0,23.0,0.0,7.0,957.0,45.0,7.0,22.0,23.0,0.0,937.0,2.0,56.0,64.0,26.0,50.0,11.0,2.0,5.0,0.0,0.0,0.0,4.0,6.0,0.0,1.0,0.0,0.0,0.0,3.0,0.0,26.0,0.0,52.0,114.0,4.0,7.0,29.0,41.0,24.0
2016-02-01,61.0,1.0,41.0,13334.0,3621.0,754.0,171.0,1082.0,349.0,1040.0,0.0,18.0,78.0,837.0,548.0,183.0,1373.0,229.0,62.0,154.0,10.0,102.0,17.0,0.0,548.0,0.0,47.0,8.0,72.0,0.0,71.0,52.0,193.0,185.0,161.0,12.0,0.0,4.0,6.0,0.0,123.0,20.0,0.0,8.0,976.0,24.0,11.0,38.0,20.0,0.0,1082.0,3.0,69.0,56.0,21.0,44.0,10.0,3.0,15.0,0.0,0.0,0.0,5.0,6.0,0.0,0.0,0.0,0.0,0.0,13.0,0.0,27.0,0.0,41.0,137.0,6.0,9.0,44.0,43.0,20.0
2016-03-01,91.0,2.0,54.0,14173.0,4075.0,809.0,197.0,1248.0,383.0,1116.0,0.0,37.0,127.0,1044.0,579.0,220.0,1554.0,242.0,97.0,128.0,15.0,92.0,20.0,0.0,624.0,0.0,50.0,13.0,76.0,0.0,87.0,57.0,206.0,180.0,158.0,28.0,0.0,4.0,6.0,1.0,114.0,23.0,0.0,7.0,935.0,30.0,12.0,36.0,23.0,0.0,1248.0,7.0,70.0,70.0,26.0,53.0,11.0,2.0,10.0,0.0,0.0,1.0,1.0,7.0,0.0,0.0,0.0,0.0,0.0,17.0,0.0,40.0,0.0,54.0,113.0,1.0,13.0,41.0,66.0,44.0
2016-04-01,73.0,3.0,61.0,13775.0,4167.0,823.0,178.0,1127.0,403.0,1201.0,0.0,52.0,116.0,944.0,629.0,213.0,1565.0,271.0,123.0,180.0,21.0,105.0,13.0,0.0,711.0,0.0,48.0,3.0,66.0,0.0,76.0,69.0,212.0,167.0,137.0,20.0,0.0,4.0,5.0,0.0,131.0,29.0,1.0,0.0,882.0,17.0,12.0,37.0,29.0,0.0,1127.0,4.0,69.0,77.0,21.0,67.0,14.0,4.0,8.0,0.0,0.0,1.0,5.0,1.0,0.0,1.0,0.0,0.0,0.0,27.0,2.0,45.0,0.0,61.0,130.0,2.0,13.0,36.0,48.0,35.0
2016-05-01,60.0,4.0,47.0,13207.0,3822.0,691.0,187.0,1145.0,429.0,1280.0,0.0,63.0,127.0,970.0,589.0,200.0,1531.0,332.0,148.0,196.0,17.0,88.0,18.0,0.0,665.0,0.0,49.0,7.0,84.0,0.0,79.0,63.0,222.0,175.0,168.0,11.0,0.0,2.0,3.0,0.0,141.0,21.0,0.0,2.0,850.0,26.0,13.0,32.0,21.0,0.0,1145.0,7.0,86.0,75.0,27.0,54.0,15.0,7.0,11.0,0.0,0.0,0.0,8.0,8.0,0.0,0.0,0.0,0.0,0.0,18.0,0.0,34.0,0.0,47.0,141.0,1.0,14.0,31.0,45.0,24.0
2016-06-01,73.0,9.0,47.0,13009.0,3884.0,774.0,155.0,1001.0,372.0,1283.0,0.0,59.0,118.0,1005.0,650.0,244.0,1413.0,495.0,134.0,194.0,28.0,105.0,15.0,0.0,644.0,0.0,40.0,13.0,60.0,0.0,66.0,69.0,219.0,182.0,163.0,16.0,0.0,1.0,2.0,0.0,118.0,26.0,0.0,1.0,862.0,17.0,10.0,27.0,26.0,0.0,1001.0,3.0,70.0,68.0,19.0,62.0,13.0,4.0,8.0,0.0,0.0,0.0,1.0,5.0,0.0,0.0,0.0,0.0,0.0,9.0,0.0,44.0,0.0,47.0,120.0,1.0,8.0,45.0,62.0,29.0
2016-07-01,77.0,3.0,49.0,12943.0,3768.0,794.0,159.0,905.0,404.0,1472.0,0.0,59.0,111.0,948.0,553.0,255.0,1458.0,486.0,153.0,219.0,31.0,109.0,21.0,0.0,542.0,0.0,36.0,16.0,76.0,0.0,72.0,79.0,223.0,185.0,161.0,13.0,0.0,6.0,4.0,0.0,117.0,30.0,0.0,5.0,845.0,23.0,6.0,27.0,30.0,0.0,905.0,5.0,78.0,53.0,18.0,44.0,11.0,3.0,8.0,0.0,0.0,0.0,3.0,9.0,0.0,0.0,0.0,0.0,0.0,10.0,0.0,35.0,0.0,49.0,130.0,0.0,4.0,36.0,50.0,25.0
2016-08-01,54.0,8.0,32.0,13006.0,3804.0,759.0,155.0,941.0,392.0,1375.0,0.0,66.0,87.0,1089.0,589.0,264.0,1533.0,505.0,141.0,175.0,40.0,96.0,19.0,0.0,492.0,0.0,62.0,34.0,77.0,0.0,61.0,80.0,225.0,170.0,133.0,10.0,0.0,0.0,2.0,0.0,93.0,21.0,2.0,2.0,925.0,30.0,10.0,22.0,21.0,0.0,941.0,3.0,60.0,43.0,34.0,47.0,20.0,3.0,7.0,0.0,0.0,2.0,1.0,7.0,0.0,0.0,0.0,0.0,0.0,5.0,0.0,36.0,0.0,32.0,100.0,3.0,10.0,44.0,75.0,19.0
2016-09-01,72.0,8.0,50.0,12424.0,3318.0,767.0,157.0,852.0,342.0,1316.0,0.0,83.0,93.0,1055.0,494.0,223.0,1516.0,446.0,134.0,151.0,27.0,83.0,23.0,0.0,407.0,0.0,34.0,29.0,74.0,0.0,73.0,72.0,183.0,149.0,140.0,14.0,0.0,1.0,5.0,0.0,64.0,29.0,1.0,0.0,859.0,27.0,4.0,26.0,29.0,0.0,852.0,3.0,77.0,42.0,30.0,38.0,8.0,3.0,14.0,0.0,0.0,1.0,4.0,11.0,0.0,0.0,0.0,0.0,0.0,7.0,0.0,38.0,0.0,50.0,124.0,0.0,7.0,32.0,48.0,21.0
2016-10-01,75.0,8.0,37.0,13616.0,3808.0,799.0,181.0,901.0,440.0,1350.0,0.0,121.0,106.0,1138.0,537.0,236.0,1806.0,563.0,170.0,175.0,23.0,96.0,19.0,0.0,529.0,0.0,50.0,27.0,63.0,0.0,76.0,81.0,218.0,185.0,143.0,19.0,0.0,6.0,2.0,0.0,97.0,30.0,0.0,8.0,784.0,26.0,9.0,30.0,30.0,0.0,901.0,6.0,91.0,58.0,27.0,40.0,11.0,2.0,7.0,0.0,0.0,1.0,2.0,5.0,0.0,0.0,0.0,0.0,0.0,13.0,0.0,35.0,0.0,37.0,129.0,1.0,7.0,35.0,52.0,13.0
2016-11-01,93.0,9.0,52.0,14296.0,3585.0,841.0,189.0,786.0,466.0,1504.0,0.0,154.0,115.0,1131.0,496.0,257.0,2034.0,691.0,227.0,231.0,30.0,108.0,17.0,0.0,489.0,0.0,37.0,29.0,51.0,0.0,71.0,71.0,253.0,183.0,132.0,26.0,0.0,4.0,2.0,0.0,124.0,33.0,0.0,2.0,787.0,24.0,9.0,29.0,33.0,0.0,786.0,6.0,80.0,67.0,28.0,52.0,13.0,3.0,5.0,0.0,0.0,0.0,3.0,11.0,0.0,0.0,0.0,0.0,0.0,26.0,0.0,37.0,0.0,52.0,126.0,0.0,2.0,35.0,60.0,12.0
2016-12-01,71.0,11.0,29.0,12889.0,3136.0,735.0,161.0,718.0,424.0,1406.0,0.0,127.0,108.0,1051.0,448.0,248.0,1867.0,653.0,213.0,207.0,41.0,94.0,18.0,0.0,441.0,0.0,34.0,21.0,48.0,0.0,89.0,82.0,212.0,218.0,122.0,18.0,1.0,0.0,4.0,0.0,126.0,27.0,1.0,4.0,706.0,22.0,9.0,30.0,27.0,0.0,718.0,3.0,61.0,58.0,24.0,39.0,16.0,8.0,5.0,0.0,0.0,0.0,4.0,5.0,0.0,0.0,0.0,0.0,0.0,12.0,0.0,23.0,0.0,29.0,135.0,1.0,5.0,39.0,49.0,13.0
2017-01-01,56.0,8.0,49.0,14388.0,3519.0,802.0,138.0,796.0,491.0,1540.0,4.0,209.0,125.0,1007.0,483.0,239.0,2033.0,779.0,238.0,251.0,31.0,81.0,29.0,0.0,538.0,0.0,45.0,18.0,66.0,0.0,58.0,72.0,233.0,246.0,178.0,20.0,0.0,0.0,2.0,0.0,147.0,55.0,2.0,3.0,891.0,33.0,7.0,28.0,55.0,0.0,796.0,4.0,48.0,62.0,23.0,44.0,12.0,2.0,11.0,0.0,0.0,1.0,3.0,12.0,0.0,0.0,0.0,0.0,0.0,31.0,0.0,42.0,0.0,49.0,124.0,1.0,6.0,39.0,42.0,29.0
2017-02-01,77.0,15.0,51.0,14901.0,3706.0,931.0,175.0,854.0,488.0,1567.0,3.0,241.0,149.0,948.0,537.0,265.0,2218.0,963.0,265.0,281.0,45.0,87.0,21.0,0.0,551.0,0.0,48.0,26.0,69.0,0.0,64.0,93.0,232.0,235.0,185.0,26.0,1.0,0.0,3.0,0.0,123.0,59.0,0.0,0.0,827.0,33.0,7.0,24.0,59.0,0.0,854.0,7.0,53.0,61.0,22.0,27.0,16.0,2.0,9.0,0.0,0.0,0.0,4.0,14.0,0.0,0.0,0.0,0.0,0.0,6.0,0.0,38.0,0.0,51.0,122.0,0.0,4.0,51.0,40.0,30.0
2017-03-01,86.0,22.0,56.0,17280.0,4637.0,1092.0,219.0,1080.0,605.0,1989.0,14.0,366.0,161.0,1144.0,602.0,279.0,2722.0,1127.0,399.0,322.0,80.0,140.0,28.0,0.0,678.0,0.0,62.0,36.0,63.0,0.0,87.0,120.0,282.0,253.0,149.0,32.0,3.0,1.0,1.0,0.0,126.0,54.0,2.0,1.0,875.0,32.0,8.0,21.0,54.0,0.0,1080.0,3.0,81.0,89.0,29.0,44.0,32.0,9.0,8.0,0.0,0.0,2.0,4.0,11.0,0.0,0.0,0.0,0.0,0.0,20.0,0.0,53.0,0.0,56.0,106.0,1.0,12.0,53.0,51.0,48.0
2017-04-01,94.0,19.0,62.0,15752.0,4280.0,1031.0,229.0,959.0,552.0,1840.0,23.0,323.0,158.0,972.0,537.0,258.0,2397.0,1043.0,338.0,272.0,62.0,102.0,32.0,0.0,585.0,0.0,64.0,20.0,68.0,0.0,55.0,100.0,273.0,219.0,189.0,27.0,4.0,3.0,0.0,0.0,147.0,44.0,0.0,1.0,826.0,25.0,11.0,25.0,44.0,0.0,959.0,6.0,92.0,74.0,27.0,47.0,48.0,3.0,11.0,0.0,0.0,1.0,0.0,16.0,0.0,0.0,0.0,0.0,0.0,7.0,0.0,47.0,0.0,62.0,106.0,0.0,4.0,46.0,36.0,19.0
2017-05-01,82.0,21.0,61.0,16291.0,4349.0,965.0,191.0,1005.0,528.0,1923.0,25.0,382.0,177.0,1108.0,493.0,268.0,2514.0,1093.0,336.0,276.0,59.0,114.0,28.0,0.0,619.0,0.0,55.0,39.0,64.0,0.0,73.0,85.0,246.0,236.0,204.0,32.0,3.0,0.0,0.0,0.0,153.0,40.0,0.0,7.0,792.0,45.0,7.0,29.0,40.0,0.0,1005.0,6.0,69.0,89.0,19.0,59.0,52.0,5.0,17.0,0.0,0.0,0.0,3.0,15.0,1.0,0.0,2.0,0.0,0.0,12.0,1.0,55.0,0.0,61.0,105.0,0.0,2.0,62.0,55.0,21.0
2017-06-01,87.0,15.0,45.0,16173.0,4490.0,961.0,195.0,804.0,613.0,1986.0,55.0,349.0,141.0,1165.0,477.0,274.0,2569.0,1200.0,369.0,300.0,78.0,115.0,25.0,0.0,630.0,0.0,55.0,42.0,80.0,0.0,45.0,103.0,266.0,252.0,184.0,32.0,4.0,1.0,1.0,0.0,145.0,59.0,1.0,4.0,775.0,33.0,11.0,18.0,59.0,0.0,804.0,9.0,78.0,80.0,25.0,52.0,60.0,10.0,9.0,0.0,0.0,3.0,4.0,9.0,0.0,0.0,8.0,0.0,0.0,12.0,1.0,31.0,0.0,45.0,113.0,0.0,4.0,60.0,63.0,19.0
2017-07-01,83.0,15.0,41.0,17064.0,4611.0,1022.0,177.0,736.0,748.0,2084.0,34.0,421.0,141.0,1123.0,437.0,289.0,2819.0,1294.0,318.0,343.0,92.0,140.0,24.0,0.0,617.0,0.0,73.0,38.0,64.0,0.0,48.0,106.0,334.0,270.0,219.0,37.0,3.0,3.0,1.0,0.0,120.0,42.0,2.0,3.0,790.0,39.0,4.0,27.0,42.0,0.0,736.0,4.0,72.0,88.0,34.0,58.0,57.0,6.0,13.0,0.0,2.0,2.0,2.0,6.0,0.0,0.0,6.0,0.0,1.0,10.0,0.0,40.0,0.0,41.0,99.0,0.0,3.0,60.0,66.0,31.0
2017-08-01,93.0,19.0,46.0,17472.0,5051.0,1020.0,185.0,776.0,704.0,2170.0,35.0,372.0,161.0,1116.0,467.0,329.0,2765.0,1234.0,304.0,294.0,72.0,114.0,19.0,0.0,643.0,0.0,80.0,45.0,83.0,0.0,28.0,131.0,295.0,253.0,202.0,36.0,5.0,3.0,0.0,0.0,143.0,65.0,0.0,0.0,746.0,30.0,8.0,15.0,65.0,0.0,776.0,7.0,74.0,61.0,31.0,50.0,56.0,4.0,11.0,0.0,0.0,0.0,5.0,17.0,1.0,0.0,9.0,0.0,1.0,2.0,0.0,41.0,0.0,46.0,96.0,0.0,1.0,61.0,46.0,34.0
2017-09-01,80.0,31.0,48.0,16949.0,4641.0,963.0,153.0,662.0,604.0,2043.0,41.0,389.0,117.0,1013.0,385.0,351.0,2817.0,995.0,231.0,201.0,80.0,99.0,19.0,0.0,549.0,12.0,64.0,42.0,85.0,0.0,33.0,109.0,250.0,233.0,195.0,35.0,2.0,1.0,1.0,0.0,108.0,51.0,0.0,3.0,704.0,40.0,4.0,13.0,51.0,0.0,662.0,5.0,77.0,62.0,21.0,46.0,39.0,1.0,15.0,0.0,0.0,1.0,3.0,10.0,0.0,1.0,6.0,0.0,0.0,8.0,0.0,45.0,0.0,48.0,90.0,0.0,2.0,45.0,36.0,29.0
2017-10-01,79.0,25.0,35.0,18735.0,5053.0,1174.0,210.0,848.0,674.0,2305.0,49.0,391.0,133.0,1022.0,378.0,348.0,3280.0,1187.0,280.0,300.0,81.0,114.0,21.0,0.0,490.0,4.0,46.0,51.0,72.0,0.0,27.0,86.0,276.0,233.0,183.0,36.0,4.0,1.0,2.0,0.0,115.0,61.0,0.0,6.0,679.0,39.0,4.0,22.0,61.0,0.0,848.0,6.0,98.0,73.0,26.0,37.0,30.0,4.0,22.0,0.0,2.0,3.0,4.0,5.0,0.0,0.0,4.0,0.0,0.0,18.0,0.0,47.0,0.0,35.0,82.0,0.0,2.0,44.0,47.0,31.0
2017-11-01,66.0,34.0,46.0,18935.0,5117.0,1156.0,223.0,875.0,630.0,2289.0,87.0,475.0,150.0,921.0,388.0,288.0,3426.0,1158.0,343.0,269.0,88.0,119.0,30.0,0.0,556.0,9.0,52.0,50.0,67.0,0.0,21.0,114.0,277.0,240.0,173.0,27.0,7.0,5.0,2.0,0.0,137.0,41.0,0.0,4.0,684.0,34.0,6.0,23.0,41.0,0.0,875.0,9.0,77.0,62.0,31.0,65.0,37.0,3.0,16.0,0.0,8.0,0.0,1.0,10.0,0.0,0.0,8.0,0.0,0.0,16.0,0.0,26.0,0.0,46.0,102.0,0.0,0.0,53.0,21.0,37.0
2017-12-01,82.0,43.0,30.0,16207.0,4022.0,959.0,200.0,583.0,532.0,1950.0,59.0,399.0,139.0,794.0,345.0,290.0,3074.0,991.0,260.0,237.0,78.0,98.0,21.0,0.0,477.0,9.0,36.0,31.0,84.0,0.0,11.0,74.0,251.0,232.0,135.0,27.0,5.0,1.0,0.0,0.0,197.0,56.0,0.0,3.0,566.0,30.0,6.0,20.0,56.0,1.0,583.0,4.0,60.0,62.0,24.0,47.0,32.0,3.0,21.0,0.0,4.0,1.0,1.0,4.0,0.0,0.0,9.0,0.0,2.0,10.0,0.0,42.0,0.0,30.0,109.0,0.0,1.0,41.0,29.0,31.0
2018-01-01,83.0,39.0,30.0,16307.0,4209.0,1003.0,183.0,577.0,555.0,2190.0,64.0,446.0,30.0,994.0,362.0,0.0,3189.0,1141.0,343.0,272.0,70.0,133.0,28.0,0.0,533.0,14.0,58.0,39.0,79.0,0.0,15.0,93.0,238.0,251.0,142.0,31.0,1.0,1.0,1.0,0.0,154.0,59.0,1.0,5.0,657.0,49.0,6.0,19.0,59.0,0.0,575.0,4.0,74.0,75.0,26.0,40.0,42.0,6.0,11.0,0.0,4.0,4.0,4.0,8.0,0.0,0.0,5.0,0.0,6.0,9.0,0.0,53.0,0.0,23.0,155.0,0.0,2.0,26.0,31.0,41.0
2018-02-01,85.0,26.0,38.0,16393.0,4517.0,1012.0,172.0,537.0,596.0,2216.0,65.0,439.0,38.0,907.0,374.0,0.0,3462.0,1053.0,305.0,279.0,64.0,120.0,16.0,2.0,506.0,16.0,56.0,47.0,77.0,0.0,12.0,86.0,301.0,277.0,153.0,35.0,3.0,1.0,4.0,0.0,109.0,60.0,0.0,3.0,500.0,42.0,8.0,13.0,60.0,0.0,537.0,2.0,74.0,63.0,24.0,37.0,43.0,3.0,16.0,0.0,3.0,1.0,4.0,7.0,1.0,0.0,12.0,0.0,0.0,5.0,0.0,37.0,0.0,32.0,149.0,1.0,0.0,46.0,29.0,38.0
2018-03-01,106.0,52.0,63.0,17970.0,5112.0,1058.0,196.0,563.0,725.0,2671.0,89.0,560.0,63.0,1194.0,396.0,0.0,4179.0,1358.0,352.0,278.0,98.0,163.0,24.0,1.0,552.0,20.0,68.0,57.0,79.0,1.0,23.0,83.0,350.0,254.0,136.0,33.0,4.0,1.0,0.0,0.0,122.0,70.0,4.0,7.0,579.0,36.0,4.0,20.0,70.0,0.0,563.0,8.0,115.0,89.0,34.0,63.0,45.0,3.0,27.0,0.0,9.0,2.0,4.0,9.0,0.0,0.0,13.0,0.0,2.0,10.0,0.0,49.0,0.0,40.0,185.0,0.0,2.0,57.0,21.0,40.0
2018-04-01,57.0,38.0,61.0,17030.0,4746.0,968.0,174.0,605.0,777.0,2485.0,99.0,582.0,61.0,1124.0,357.0,0.0,3994.0,1396.0,350.0,288.0,107.0,121.0,19.0,0.0,541.0,18.0,65.0,39.0,54.0,1.0,21.0,122.0,332.0,325.0,165.0,32.0,6.0,2.0,0.0,0.0,127.0,70.0,0.0,2.0,478.0,39.0,3.0,33.0,70.0,0.0,605.0,6.0,94.0,79.0,23.0,53.0,32.0,4.0,21.0,0.0,1.0,1.0,2.0,9.0,0.0,0.0,12.0,0.0,2.0,8.0,0.0,48.0,0.0,19.0,156.0,0.0,2.0,49.0,29.0,23.0
2018-05-01,65.0,37.0,60.0,17639.0,4738.0,960.0,200.0,529.0,670.0,2580.0,104.0,605.0,60.0,1218.0,322.0,0.0,4387.0,1444.0,344.0,288.0,97.0,132.0,27.0,0.0,572.0,27.0,74.0,44.0,71.0,1.0,13.0,131.0,287.0,304.0,150.0,49.0,6.0,2.0,0.0,0.0,150.0,56.0,3.0,3.0,532.0,40.0,3.0,10.0,56.0,1.0,529.0,7.0,78.0,81.0,27.0,64.0,27.0,1.0,21.0,0.0,5.0,3.0,2.0,8.0,0.0,0.0,17.0,0.0,3.0,6.0,1.0,60.0,0.0,38.0,157.0,0.0,0.0,43.0,35.0,40.0
2018-06-01,63.0,47.0,53.0,16860.0,4508.0,932.0,173.0,458.0,549.0,2694.0,124.0,536.0,53.0,1014.0,276.0,0.0,4278.0,1206.0,294.0,224.0,92.0,119.0,31.0,1.0,544.0,15.0,75.0,58.0,67.0,0.0,15.0,125.0,298.0,277.0,174.0,41.0,12.0,2.0,0.0,0.0,119.0,76.0,0.0,6.0,473.0,33.0,4.0,12.0,76.0,0.0,458.0,4.0,91.0,66.0,12.0,59.0,38.0,5.0,19.0,0.0,6.0,2.0,7.0,11.0,0.0,0.0,16.0,0.0,4.0,9.0,0.0,38.0,0.0,34.0,134.0,0.0,0.0,57.0,25.0,28.0
2018-07-01,70.68377013056424,38.68236563798496,52.94893202886828,17606.882430825022,4729.39674376987,1004.5427934398256,184.71773712133975,404.78103090240006,618.5495544350288,2880.1078221529006,106.47330301007048,595.5102454070577,55.33055933780719,1059.5239739238077,267.8617243763887,7.278375928612402,4574.22101379593,1314.3968465403216,293.2016805951512,274.65683118377336,102.78459197600375,146.1568215010277,27.82769574257616,0.5364360137729409,537.7811924794138,24.025794023830187,73.74313790161992,52.52131361973404,67.31626194797481,5.251245945338701e-07,13.358548020664282,123.8767988472167,338.57865092013606,289.5567327325994,186.24226515448618,40.85257769450192,9.34777665125112,1.862171043171935,0.538517635116505,0.03308665506385278,114.50167281133692,66.14486544113117,1.2982997406764165,4.182269439517946,498.27703887985757,39.195955104794386,4.918468085099754,18.51299129497877,66.14486544113117,0.22768886612247083,404.7254681382841,5.615931597514823,86.89311084070496,76.96972381659181,26.03111129873362,55.90740335535825,38.940273605016145,3.831535207725204,19.72658646820277,0.0,4.655268805767861,2.0019390656024028,3.6074427135826563,7.680849860776288,0.17778889163128742,0.08228671833886766,16.105889636579633,0.0,2.726267035881407,7.317527175732965,0.19111722866401235,44.57842257249757,0.0,31.717221205277294,136.26319541919025,0.04958885591725376,0.4822895016168036,50.955399430521254,32.3122037587635,35.804734695707104
2018-08-01,68.75926366926397,43.90239854263835,51.72487626433815,17597.68466440823,4953.228202561167,964.24989451327,185.6485032665456,429.97665448580074,593.1741753266883,2856.559589675778,107.122052141506,552.4256846651962,58.26724862397195,1033.8916768939084,276.13889129654547,23.295620935189984,4525.417962254345,1260.6234055750474,283.0521647850628,253.2416612123713,95.03284605059515,129.39232645151557,25.492093014622284,0.4313480566235183,539.2103610806483,15.91314876841654,75.24675232354838,56.05321307784148,68.15828988743428,5.251243662235033e-07,12.695271445298719,119.04183757573222,320.3687898092985,287.7829599074566,174.1407170785883,40.28441473816397,11.673465766370025,1.8586213448257278,0.39752911762506743,0.03191071407321198,118.47700617980756,70.38018124270073,0.7739612911085949,3.620591804264377,479.1902248746136,37.28673337139547,4.227573735029931,13.026044101933355,70.38018124270073,0.1811229875139675,429.86878469145637,5.359889951398007,84.83186758123065,65.91851182336252,30.302188561608325,52.08649150502437,38.59329724061392,3.736411952302294,19.986259532777257,0.0,4.9906657067146645,1.6849812700245552,4.2384039870195895,10.103995405385898,-0.06089559971663483,0.07499508686664172,16.854613453600184,0.0,2.774895935833301,8.155150101982464,0.19470047288227466,44.659639136362394,0.0,32.55643660840988,137.358841790213,0.04874367993823851,0.4351472027877412,50.975630448185655,24.565568193805028,38.68005401344518
2018-09-01,71.22761463989407,51.959170980280284,54.59902160130833,17072.52442196272,4542.683693079602,941.0379426604514,176.82971938361555,348.5221524517427,530.4895075303416,2758.329265040418,112.84655598070253,576.8567326082964,53.96701056453536,1008.4501433651922,234.14835324967498,27.268610137613184,4581.721287460048,1090.4778762264598,248.9510305268622,212.6293204849964,98.18621112327212,114.4063096951561,25.639503854963714,0.4075250697954916,492.4186459258645,23.20500182810321,70.97162151157022,54.0387350587893,68.37460383673375,5.251243662236027e-07,12.621452436434712,123.31433476115032,289.67622082056744,285.5674190915861,170.06409822658358,39.87155810746551,6.78117821877254,1.7628565805702918,0.48743304294539685,0.03195264888754155,93.820977715151,68.60820055019641,0.8301813360050556,3.750866096051192,468.7628489968365,39.999559753725464,5.0954084493956735,12.121567298034613,68.60820055019641,0.1906464266153574,348.4083571981138,5.5306855784322355,86.5253772876856,68.03250200188882,25.791874588069774,48.874420427081,36.332673489085536,3.6645084247320843,18.959378165949808,0.0,4.906886205122826,1.834574579393502,4.07097484097457,8.806288271933104,0.15085656379690834,0.05958657798057051,16.010035003796055,0.0,2.7721761856429037,7.505772154441687,0.1948343411759402,47.348919463978305,0.0,33.18215863431749,137.8641806884918,0.048642074126751894,0.4431346990626204,47.637617934209246,23.274995708045303,36.42953943889971
2018-10-01,71.42729256201625,47.90549991166824,49.710403913116195,18745.60884642298,4995.470511235554,1071.002653185868,195.97892541055754,472.70533628277167,603.0120335368528,3017.145362915933,120.42433402827751,571.366318857645,55.88896875735158,1009.8693572113066,234.93905859548167,28.114613496486747,5168.6375766907295,1193.7725349297866,274.66760380086413,256.20187003426236,98.51004312325308,127.63358353614244,25.902297352445366,0.40212450138774936,487.99028884056474,16.65086655285353,67.84226641121168,61.19053530732594,67.49029312669943,5.251243662236027e-07,12.298292305338732,127.73828188461162,310.07753477526956,286.12542479546795,167.32121209033346,39.919558622597535,9.550419712945773,1.761365758492347,0.5367242846642457,0.03195115601590145,107.29401521912642,69.53978654136826,0.8239658729547702,3.9959817200609544,456.7951193999942,39.90540361090518,4.841870358402368,16.525497860240566,69.53978654136826,0.18869873669672846,472.58028170521436,5.472698658250919,96.06189499466237,74.98416485686487,27.962969295388152,45.449616073432296,34.734060319641316,3.733814223611762,17.511016285833744,0.0,4.928084802608256,2.125189996912138,4.129791748961234,8.062929971082802,0.14971013945040498,0.07558539341092102,15.430667790813995,0.0,2.7722469699972043,8.683386399807183,0.19483750085687132,49.172223552981364,0.0,30.74807968595294,138.14095126095174,0.048681112022571825,0.4429265140722008,47.23857395702458,26.222295313310475,38.24815293312848
2018-11-01,74.04449930249498,54.293901856739524,54.12918332170148,19026.18316395773,4972.26754666307,1087.3663229781155,200.0106458184468,474.7872429485774,589.946260440249,3072.8267602749556,156.44185460066655,640.1307946928598,57.799756076742874,975.766425587899,234.91307171549852,5.746660468932287,5409.064975638338,1164.977898864939,308.5722410488767,249.1184100674606,102.18264354503754,137.29165200458283,27.780791624322376,0.40090021581277463,509.85483199689395,22.54191833271786,68.6951342727237,60.2357929155331,67.1437551067531,5.251243662236027e-07,11.788367657804072,122.35013772095186,317.6450033435751,286.81822563495075,162.5507876037481,38.13621936660027,13.914833490348029,1.9526518056280322,0.5360741665714119,0.03195120916185593,123.03263485837613,68.10452574959889,0.8262527913369648,3.818199530440727,454.54353375837286,37.69629991612119,4.591682271219534,17.013385116547763,68.10452574959889,0.1890970692716252,474.63021735579724,5.219736323766884,89.36407889987862,77.05221908190693,29.703272265124955,60.01619334806843,35.77888912084066,3.7108859309878883,18.924846244424227,0.0,4.923733787949047,1.685448606675687,3.9995853874102574,8.831588479656915,0.14992352204582804,0.07558865184679468,16.583356409263292,0.0,2.772244269406924,8.109819583955392,0.19483759506566978,40.96393980430259,0.0,32.883804866500675,138.1429193356924,0.04864171538164672,0.43268422370955606,49.19812262551601,18.48919232324255,41.18974896073969
2018-12-01,70.92110183158708,61.01981044028585,47.40597073027694,16878.130458552205,4043.4165393865487,935.0245869970167,187.20965010406522,279.8016828154176,543.7972851149494,2766.7763766063745,129.9029926900483,577.9036939447276,56.61291205315463,922.1490217565528,211.32400994394797,6.309224908764843,4984.601705890849,1037.9414302665305,269.0840526951001,233.97303194628392,98.21961602566942,120.36846439476906,25.571733794398124,0.40062267555109726,472.605762345527,17.246859914615904,65.27298483433648,46.198042649627446,68.19836465728774,5.251243662236027e-07,10.908179488515888,130.0543667632199,297.6398915876641,286.56942626872546,147.27071389415067,38.24343720191238,10.95847378996066,1.7631542222895324,0.4161210260561077,0.031951207269869775,153.8649958836473,69.14639092559132,0.8211265603225386,3.7620408944148966,414.28346803396437,36.079720049854224,4.572091033857708,15.55296841741873,69.14639092559132,0.2020820235672588,279.64931032871044,5.612354933458789,81.11258154959899,73.9358712497306,26.600361461273483,48.90517725608712,34.810291021602374,3.7123750669377475,17.78483720482603,0.0,4.924457876650036,1.8312909323509614,3.9978675761772107,7.896568656671326,0.14988380539799956,0.0755882021292738,16.87129437773599,0.0,2.7739732581639043,8.194695425229106,0.19483816352261102,43.46977218288381,0.0,29.736476965803202,138.14529390003867,0.048681588960296195,0.43780289579951814,47.514709544922205,21.38353272084974,38.58891118166324
2019-01-01,70.1411291231942,57.74673028909452,49.44016126715964,17646.927405828086,4328.239806973141,1028.866835831306,183.98164009189315,290.71690496879455,584.0835115360135,3048.6397382700775,134.64205371948486,627.315793803647,45.08077123871553,994.8298950311698,222.0305990708392,-114.87808284202657,5175.379415395539,1097.3459711030032,309.8201035508738,252.9484793767098,93.92780069985919,137.5729352619485,28.208249867672446,0.40055975837031327,506.9915615547584,22.006200375536253,70.14095950947603,52.58477464920809,67.95023845956733,5.251243662236027e-07,11.4177149000975,126.40635546473814,295.5581160504428,288.86651456154175,157.52017211377512,38.95085003568137,4.792929518389497,1.7631505365313442,0.4686463448693817,0.03195120733722413,140.24595024935425,69.34428460527488,0.9516387956271926,3.8960569111535994,468.44026835499506,44.91744862278121,4.686531794405654,15.062522945921454,69.34428460527488,0.18903226500353942,289.4209893243582,5.623012415679975,82.99208895476751,79.29587254133767,27.905191361319613,48.898032547365936,36.67405259032205,3.7802711489730036,19.93973565188838,0.0,4.924132822585839,2.2712483007991904,4.124961853724501,8.503616977301217,0.14989119781026036,0.07557379251161399,15.719180425542369,0.0,2.7774310256790287,7.914333065836667,0.1948381636063616,51.65835433080966,0.0,28.91151206466457,137.926020946961,0.048681745614889776,0.44295873265933383,45.50840600575663,22.33898194311358,41.15402304998617
2019-02-01,70.68519987596628,50.03703805271068,51.81137070320952,18011.74346914644,4606.447420211087,1107.886321745315,191.98102257742582,282.5677998454432,598.3303848974396,3133.3448311747647,135.5898707321308,617.1343468822256,46.0629142210667,959.4607389335741,232.3907583239524,-109.81976195697051,5527.761154136531,947.8476416671368,294.1012396914747,258.34893392392934,91.96573310207762,135.63497212222543,24.74491078880504,0.4327835765577685,499.96678343029777,17.728352287369297,69.86770207149512,58.1947735100634,67.83728328691838,5.251243658185809e-07,11.145642490464896,127.7076090809459,327.7298343846051,291.35372036104985,162.13340069892718,39.60524706250729,7.886625544461711,1.7631542106003801,0.6731737686333401,0.031951207207364926,110.87629011546285,69.41465120259528,0.8258458378769987,3.7404469403474447,424.2389262958218,41.381100837986295,4.3640085786053024,12.132091841418482,69.41465120259528,0.18902885759784605,282.52688562290194,5.81710650708566,85.3193543038415,73.57145150956914,26.727380280151376,44.36692391652815,36.63495672879496,3.71057650186552,18.815594997974898,0.0,4.924069365694905,1.8312987391971363,4.122501747087103,8.330737671012045,-0.055703035260025346,0.07558823845064694,17.73540511965359,0.0,2.7722443686598295,7.875090355112794,0.19483759773723444,44.50941020861674,0.0,30.46777346186976,137.96856998138443,0.05887127190510862,0.43264793822096376,50.00580679525626,21.918426518532605,39.31802359650225
2019-03-01,67.78264549846307,69.5795055720696,60.34934405045725,19851.97760636941,5315.224662065714,1208.072125680648,207.81926461388184,339.1377666004584,697.0013446087187,3712.5797062721554,158.33735448241657,718.4948563748344,48.80931080036996,1081.472347342061,248.83566615315718,-107.13153446560486,6444.535921948915,1126.2196044391023,327.17472393341814,261.3156998110867,109.77710871446472,166.85350198677642,27.26565123005677,0.41666130256445655,537.7337002007266,21.573392787037644,72.79904569988956,65.18536312277357,67.94284312074403,1.8967130971920653e-07,11.874542105868045,128.22089591138322,361.51786771941966,289.3413712938462,152.18583154008115,39.165425916779746,9.613194399419076,1.7628573314432263,0.3990854372282906,0.03194919798768068,117.20237575580654,70.09256839736008,1.3567880709182478,4.02126339438281,446.2860235931627,40.878011191041,4.862617461494417,15.539337342350622,70.09256839736008,0.1890295544647782,339.2042389092245,5.272125442149967,101.52742567112327,93.08834236814484,31.47278910868897,58.17711649890553,36.26539279245196,3.7126800715797947,16.32802214573778,0.0,4.9249166158554445,1.9817751881420638,4.121797495366407,8.671205344258716,0.14989007797162085,0.07558823876361921,18.02343806298732,0.0,2.7739732543771507,7.976373571428425,0.19483815234636814,53.76084363131554,0.0,31.957987909897525,137.79955168065962,0.048681275659764066,0.44285422225762555,52.15995815385083,19.31045349155017,38.669445532950625
2019-04-01,75.17150285197339,59.29628163974991,60.90101855077663,18816.34697689387,4971.613005577479,1149.940731030662,201.71470680760078,343.3342823914563,714.0782610550949,3557.7649390024403,167.81545330547405,720.0548970214734,48.5777158270654,1043.469568702571,227.46529605470315,-109.4439178461902,6150.605125655153,1209.619070452862,321.7158159141753,261.9713507925595,112.93696783240192,141.33808942248112,26.180089971885128,0.4005415289522455,524.4154361844531,18.11735527690337,72.23100579252541,52.4283358045361,66.38756132135293,1.896713097192065e-07,11.920501911522091,120.73081449741838,351.6963665621842,295.8264192179572,166.36304988987868,39.043435518132824,12.72454166232193,1.8099363092368865,0.39288516770965665,0.031951207334908645,126.3778696817839,70.09222353463475,0.82600911180674,3.6735231903405694,415.9347039245274,39.033969707805554,4.872773296440067,21.881685291007365,70.09222353463475,0.18902941194476813,343.33922351950974,5.4705893964285455,96.59404283202315,87.5593086085822,27.416142266272722,57.065919054587994,33.344342553506,3.734114160408894,17.63857676712217,0.0,4.923765005965454,1.8336093560997342,4.049847047469855,8.641969840592541,0.14989003030361803,0.07557333517743885,17.735405499817503,0.0,2.7739732543773465,7.975538374965545,0.19478126410351107,52.8302474422928,0.0,28.501536886722214,137.95835736469985,0.048641401942255184,0.4429940335304163,49.886729466270204,22.18327154215314,34.16506573398593
2019-05-01,73.728107827802,59.06921206392044,59.76635181557274,19148.907844921174,4953.598947991922,1102.7162908552953,202.81811692634872,304.11175371411815,664.5324977231681,3677.569758399608,172.554513667621,749.5677423214216,48.574969752457854,1087.3335912539208,207.27985874991046,-108.77254364698362,6575.520479532782,1243.3382314866064,319.13174769871756,262.64934415563556,108.10603000115425,145.46918702341102,27.89557521986783,0.40054136278619473,539.0483014579211,21.22372537837925,73.81619683785144,54.78054597966492,67.44522465688075,1.8967131012422825e-07,11.166787383064365,119.02817720117442,325.14834944487836,294.01884782213534,163.78927780162766,42.10725922085777,12.597874888009477,1.8108231801893198,0.39188894505199906,0.031951207334908756,137.52815163663132,69.14148975250568,1.2310210190273827,3.7807716370417332,423.8185983160306,42.819065956283836,5.040584097233116,10.677474755022894,69.14148975250568,0.20209586053221842,304.1455564105643,5.383298064264948,89.5527164883137,90.16665284774693,27.48811765928421,61.40390233893526,32.31025563705209,3.6650295882931303,17.48794421839397,0.0,4.924342076355489,2.123080914933676,4.04222135015889,8.487182024409114,0.15458751970141937,0.07558823873834206,19.1291468765597,0.0,2.7748376972388678,7.798041204142998,0.12143866554956112,57.74856775202047,0.0,31.697746926738223,137.95335003773585,0.04864124529019698,0.43268318673122236,49.86711616823137,22.72348783254109,41.73486148011293
2019-06-01,74.0906776288984,65.0951267477944,55.8854523821916,18687.633173986796,4832.897364646768,1090.001781750345,195.7827082730933,225.4321376349152,619.0521423048824,3811.630100129517,191.5106588443099,693.6544662710743,47.634095531258104,1015.7169921736489,187.73962958254018,-106.49622613684713,6469.502461519103,1037.757492672703,298.4678574647297,238.45465835298316,106.97729066699148,141.75490107719267,28.522049458465627,0.4166603657376144,527.5836709814031,18.431638901932207,73.98686969077222,65.46615416298528,67.24550881047267,5.251243662236024e-07,11.502337287520819,120.14351097026348,333.52824930666327,291.6229919185352,169.7748462306305,40.63141777671641,21.71360325794187,1.8105244411519037,0.3971598807102466,0.03195120733490875,119.23224080719012,70.50034868267791,0.8212103057965893,3.9677301730803634,406.2557820418826,38.59210732199955,4.761809897275147,11.635494156321801,70.50034868267791,0.18902943513114515,225.38496383109972,5.666275695808102,94.07675393469181,80.36042636744008,23.124489382086338,58.50788148869519,33.79858729016468,3.7594544798286447,18.14540419483761,0.0,4.924486974004154,1.984014481294222,4.246959677110713,9.00545098340139,0.14989003752459953,0.07558823873812424,18.70185119490335,0.0,2.775702140100397,8.008987513576294,0.1934072588730645,45.68682082999914,0.0,30.708076416691387,138.07653733173817,0.0486412459031367,0.43264787944634403,52.468989583445754,19.67071331242172,36.33074273769246
2019-07-01,72.81517630444169,58.95437484422689,55.69749081690458,19439.42924211771,5028.055730898617,1166.5172998895623,198.7388516415837,179.91256989282743,693.961967897242,4080.7289084637596,174.89870506676579,747.3309508569944,47.88097856882385,1029.5837361264473,178.422788915936,-101.24787453727666,6861.757645149039,1078.9362960866383,294.2703891962851,263.76870241697713,112.80674177585043,160.4727004221043,27.894273372570954,0.40918815047397106,521.1036314602006,20.941251198513847,74.27530397293437,61.56260414489773,67.21224315401246,5.251241900689523e-07,11.355491573153897,120.35292840500688,365.2237032880254,293.1463897195931,178.7323156180985,40.527961146474915,17.613213522232474,1.8033693140819878,0.4336415268732399,0.030903168125022078,112.95565190688612,69.83033955709428,0.991908145430534,3.838730112107112,415.22772428650785,41.67628402241619,4.982748673048976,14.823665367426793,69.83033955709428,0.1920045145768498,179.8083555127576,5.48376370096571,92.20569333409104,85.22285334744353,28.320392909390115,57.05516113232974,34.064668112373276,3.7310997337416296,17.883128269323894,0.0,4.924292428537474,1.9820225434667433,4.111109668478911,8.486266985123448,0.1133379116356259,0.07426718596098766,18.778771915110585,0.0,2.7746003234980465,7.865104786118826,0.18108258510903186,48.821370553085664,0.0,30.250377844248685,138.07855127163265,0.04914834633911304,0.4351599688010765,51.086443153107005,21.3393629952079,38.28901924936652
2019-08-01,73.60296250981852,63.69837256605691,54.931764371081066,19435.741930928703,5278.520161065123,1122.555979983802,197.50428169909756,200.60396146959414,665.9452411519318,4044.5233595348413,175.51359408510916,707.3657477241123,48.29443498078916,1020.9006603069083,185.22512269442942,-90.21328887610063,6799.332430277361,1069.6873095030999,288.2832491308104,249.5633460189271,108.12222317568312,144.9684507429221,26.878995474756014,0.4074942314880973,520.9523958259375,18.68553893243652,74.90205097568109,63.88671648306694,67.33262336613232,5.251241900690289e-07,11.426533588630125,121.22597531855007,349.8544473849695,292.6553735710429,171.00427551093526,40.434062935205866,21.342364466534917,1.8031889995408787,0.417640571181951,0.030940401311000558,116.46415726808438,70.11915568768964,0.9307019382485175,3.779689432414991,405.6374446520385,40.141971774052095,4.8699969568815025,12.130995562028108,70.11915568768964,0.19139606502602802,200.46775359790766,5.533938851389277,90.87040674263937,73.30308776881702,31.083081780660503,54.1518910715176,34.16472464531405,3.7282875321272337,17.871194188834348,0.0,4.924340982584556,1.9313025586157355,4.129011327674476,8.816012503683963,0.16710721863252734,0.07438423390914703,18.924797100216026,0.0,2.774642360403474,7.914796153521304,0.180825280774235,48.83835279954808,0.0,30.44733822165066,138.08310694382843,0.04914017323617995,0.43495141070960613,51.477041922954506,20.643826713636344,38.97827252563031
2019-09-01,72.68171596473213,71.74698842421972,56.77966735407997,18878.448340670253,4840.325851204944,1095.8227537074563,188.95118972219697,132.06470698985353,601.7297602629607,3909.757196667854,180.93933169569772,731.8032313701576,47.60305816889107,1004.5605047317471,157.26869190414703,-87.42297248397638,6872.375722265338,1029.150421758925,266.499183608676,223.75893719383149,109.94912891612644,130.12391245578323,27.014498247272734,0.40711022735686403,487.4305905384396,20.71303849253341,73.39814473251899,62.52576327002006,67.35252105069873,5.251241900690289e-07,11.39519415995296,120.45449054328114,324.634050753073,292.09406423881904,168.4407025579284,40.377389884522216,13.641361543505656,1.7992192015888036,0.4305562078768561,0.030939072980871733,95.18113837839958,69.99807626666119,0.9381350330255409,3.8061942150023462,395.73719860004746,42.38409554958812,4.9892454157636745,11.6871213781404,69.99807626666119,0.1915205023268301,131.8982543165658,5.501708516573243,92.17493815574977,74.86741546355204,27.1992509905191,51.53758998267019,34.39917810007001,3.7257137811321335,17.997865232803267,0.0,4.924328864608924,1.9553662243148704,4.127962043873917,8.646241330990664,0.11887500581767912,0.0751207679363562,18.751162666907476,0.0,2.774640756568861,7.875405345091239,0.18081620108816562,51.1886253255502,0.0,30.631864402350104,138.08203017811567,0.04913866270383385,0.4349750763196329,49.20691953334283,20.57678650878578,38.58796681766351
2019-10-01,72.60708152768552,67.72269104719761,53.6314222824557,20651.085995177433,5319.578285513813,1242.9891708071839,206.14667974731032,236.1115806157456,676.5559607093309,4267.466505006115,188.12161946616814,723.1182118541858,47.89681882807733,1006.5493728781126,157.9533217660006,-86.79588800675819,7658.306111147035,1054.6562767014084,282.88844247348015,251.37635885840888,110.13286997663336,143.13648184058312,27.16912414750172,0.4070231752758413,483.9709550187447,18.890663126662684,72.29008442406341,67.3227910401352,67.24907638231223,5.251241900690289e-07,11.410514278148675,119.65565845354517,341.1928564146898,292.23513185868154,166.6805017450471,40.37770107802469,18.036361056078803,1.7991573959054765,0.4380427564630839,0.03093912026917883,106.80974206523206,70.0618789695862,0.937135876301775,3.8463177074680988,387.8503025770174,42.30626394695642,4.954761125890378,13.847348143426096,70.0618789695862,0.19149505298298558,235.97770581525262,5.512660600809975,99.3239838068552,81.28938555696719,29.00697284133507,48.686390725000386,34.558629227067534,3.7282233315657765,18.180382056888448,0.0,4.924331888996644,2.0023145897018493,4.12734493592525,8.55294332156281,0.1191107024725775,0.07437471546550002,18.630707153059692,0.0,2.774640817757891,7.997595252707736,0.1808159736904092,52.78281882058714,0.0,29.94478047863827,138.08870935431278,0.04913921623175455,0.4349740001912799,48.93624136874811,20.77733708482383,38.94897282044994
2019-11-01,71.62728320078017,74.04184077899514,56.47746148147557,20948.309448858126,5294.307104340394,1261.4608337666336,209.75777550059166,237.8027399608412,663.3718475205667,4344.609848214398,222.25935703427305,783.5137418765604,48.193161115042706,987.4438440132976,157.87822308586178,-101.93346765576055,7978.204979874168,1047.6939232222896,304.4843602594313,246.8853022611044,112.29268353370726,152.62554048737277,28.186680825707505,0.40700344094437446,499.1486655415293,20.528666921826904,72.59268176368784,66.68178016900849,67.2074096052421,5.251241900690289e-07,11.405403361223852,120.62859559359995,347.33459062858697,292.4103108267363,163.52729850014055,40.18574157288509,24.944934469746084,1.8070853726155915,0.43793661667988315,0.030939118585723836,120.3936767387072,69.96332452138316,0.9374447306689055,3.818214458449659,385.705507779378,40.47967701994536,4.921938623525226,14.08666559099934,69.96332452138316,0.1915002577656186,237.64314551688057,5.560436274247513,94.30843998172102,83.2020619462024,30.464608028074473,60.90801210373375,34.456281416928036,3.72739358758936,18.002477790426898,0.0,4.924331134245607,1.931299797400764,4.1302554950121095,8.650318565392695,0.11906683253549169,0.07437471849502747,18.86987679180322,0.0,2.774640815423385,7.948170073378119,0.18081596691033555,45.60585777901114,0.0,30.54646533548312,138.0660771054432,0.0491386590341427,0.43495567336466073,50.29931325858483,20.24355598504229,39.516666233203956
2019-12-01,72.7965892931972,80.6906540456179,52.14708965952554,18672.628107811623,4315.8795969122075,1089.1296624645881,198.14935318113868,74.2337294110664,615.0796102991808,3921.166110720743,197.10557940597914,728.6743791966289,48.00626029817617,958.6131182100588,142.46382390563957,-101.53556592971262,7412.115990912973,1016.6790908519913,279.3308639066926,237.2838466279533,109.95994434494189,135.99564585834744,26.99409614905541,0.4069989672565101,472.8632159637606,19.056381637894617,71.37930738989095,57.26231598047314,67.33289798651742,5.251241900690289e-07,11.410917187497864,119.23744302918527,331.01405464982867,292.3474000926617,153.33910627978736,40.19647951173171,20.27866123578774,1.7992315195602977,0.4198920874094028,0.03093911864565452,147.00495966028237,70.03489253460597,0.93691213703557,3.8093109389687982,356.0064754461032,39.143015957107856,4.919304720494284,13.370285797727222,70.03489253460597,0.19149924465943313,74.01359117603843,5.486284459607406,88.12830344626437,80.26086971003161,27.862664760950402,51.59135165102624,34.55161733180675,3.7274474838447684,18.145901397768693,0.0,4.924331322588495,1.9548516993097884,4.1303126229131175,8.531619433339928,0.11907499799452574,0.0743747257149117,18.929601748264872,0.0,2.774640815567325,7.938310867372413,0.18081593724570896,47.796846862344516,0.0,29.660263738303208,138.0555872313895,0.04913922294955665,0.4349648548028943,49.129213038215426,20.443438556024716,39.01908385137441
